Portland,Portland,Oregon,41051,Multnomah,45.5371,-122.65,2095808,1868.8,shape,false,true,America/Los_Angeles,1,97227 97221 97220 97229 97203 97202 97201 97206 97205 97204 97209 97208 97258 97266 97219 97213 97236 97232 97233 97230 97239 97218 97214 97215 97216 97217 97210 97211 97212 97207 97228 97238 97240 97242 97250 97251 97252 97253 97254 97256 97280 97282 97283 97286 97290 97291 97292 97293 97294,1840019941
Eugene,Eugene,Oregon,41039,Lane,44.0564,-123.1174,270990,1543.4,shape,false,true,America/Los_Angeles,2,97405 97404 97401 97403 97402 97440,1840020007
Salem,Salem,Oregon,41047,Marion,44.9233,-123.0244,266420,1387.5,shape,false,true,America/Los_Angeles,2,97302 97301 97306 97304 97310 97317 97309 97311 97312 97314,1840021224
Medford,Medford,Oregon,41029,Jackson,42.3372,-122.854,168959,1191.6,shape,false,true,America/Los_Angeles,2,97504 97501,1840020076
Gresham,Gresham,Oregon,41051,Multnomah,45.5021,-122.4413,113525,1863.7,shape,false,true,America/Los_Angeles,2,97030 97233 97230 97080,1840019939
Bend,Bend,Oregon,41017,Deschutes,44.0563,-121.3095,111774,1108.2,shape,false,true,America/Los_Angeles,2,97702 97703 97701 97708,1840018618
Hillsboro,Hillsboro,Oregon,41067,Washington,45.5273,-122.936,106612,1592.8,shape,false,true,America/Los_Angeles,2,97006 97123 97124 97129,1840019932
Beaverton,Beaverton,Oregon,41067,Washington,45.4779,-122.8168,97554,1920.3,shape,false,true,America/Los_Angeles,3,97225 97003 97005 97007 97006 97008 97075 97076 97077 97079,1840018556
Corvallis,Corvallis,Oregon,41003,Benton,44.5698,-123.2779,67187,1603.1,shape,false,true,America/Los_Angeles,3,97333 97331 97330 97339,1840018611
Springfield,Springfield,Oregon,41039,Lane,44.0538,-122.9811,61740,1502.3,shape,false,true,America/Los_Angeles,3,97477 97403 97478 97475,1840021263
Albany,Albany,Oregon,41043,Linn,44.6272,-123.0965,56348,1232.1,shape,false,true,America/Los_Angeles,3,97321 97322,1840018605
Tigard,Tigard,Oregon,41067,Washington,45.4237,-122.7845,55161,1669.8,shape,false,true,America/Los_Angeles,3,97224 97223 97281,1840021206
Aloha,Aloha,Oregon,41067,Washington,45.492,-122.8725,53532,2809.7,shape,false,false,America/Los_Angeles,2,97078 97003 97007,1840017414
Lake Oswego,Lake Oswego,Oregon,41005,Clackamas,45.4129,-122.7004,40457,1442.3,shape,false,true,America/Los_Angeles,3,97034 97035 97036,1840019955
Grants Pass,Grants Pass,Oregon,41033,Josephine,42.4333,-123.3317,39131,1311.6,shape,false,true,America/Los_Angeles,3,97526 97527 97528,1840020087
Keizer,Keizer,Oregon,41047,Marion,45.0028,-123.0243,39122,2102.3,shape,false,true,America/Los_Angeles,2,97303 97307,1840018581
Oregon City,Oregon City,Oregon,41005,Clackamas,45.3418,-122.5924,37418,1437.6,shape,false,true,America/Los_Angeles,3,97045,1840019954
McMinnville,McMinnville,Oregon,41071,Yamhill,45.211,-123.1918,34432,1256.7,shape,false,true,America/Los_Angeles,3,97128,1840019956
Redmond,Redmond,Oregon,41017,Deschutes,44.2612,-121.181,34191,719.0,shape,false,true,America/Los_Angeles,3,97756,1840020003
Bethany,Bethany,Oregon,41067,Washington,45.5614,-122.837,30983,2198.2,shape,false,false,America/Los_Angeles,2,97229,1840034671
Tualatin,Tualatin,Oregon,41067,Washington,45.3772,-122.7748,27804,1278.3,shape,false,true,America/Los_Angeles,3,97062,1840021207
West Linn,West Linn,Oregon,41005,Clackamas,45.367,-122.6399,27167,1411.8,shape,false,true,America/Los_Angeles,3,97068,1840021218
Woodburn,Woodburn,Oregon,41047,Marion,45.1472,-122.8603,26222,1728.1,shape,false,true,America/Los_Angeles,3,97071,1840021230
Forest Grove,Forest Grove,Oregon,41067,Washington,45.5243,-123.1097,26160,1714.5,shape,false,true,America/Los_Angeles,3,97116,1840019930
Wilsonville,Wilsonville,Oregon,41005,Clackamas,45.3109,-122.7702,25992,1329.0,shape,false,true,America/Los_Angeles,3,97070,1840021219
Newberg,Newberg,Oregon,41071,Yamhill,45.3075,-122.9601,25379,1638.9,shape,false,true,America/Los_Angeles,3,97132,1840019957
Happy Valley,Happy Valley,Oregon,41005,Clackamas,45.4358,-122.5081,24381,811.6,shape,false,true,America/Los_Angeles,3,97015 97089 97086,1840019950
Roseburg,Roseburg,Oregon,41019,Douglas,43.2231,-123.352,23657,852.0,shape,false,true,America/Los_Angeles,3,97470 97471,1840020034
Hayesville,Hayesville,Oregon,41047,Marion,44.9793,-122.9738,21822,2789.9,shape,false,false,America/Los_Angeles,2,97305,1840034726
Klamath Falls,Klamath Falls,Oregon,41035,Klamath,42.2195,-121.7754,21806,419.3,shape,false,true,America/Los_Angeles,3,97603 97601,1840020054
Ashland,Ashland,Oregon,41029,Jackson,42.1905,-122.6992,21401,1245.2,shape,false,true,America/Los_Angeles,3,97520,1840018674
Milwaukie,Milwaukie,Oregon,41005,Clackamas,45.4445,-122.6219,21195,1642.0,shape,false,true,America/Los_Angeles,3,97222 97269,1840019952
Altamont,Altamont,Oregon,41035,Klamath,42.198,-121.7248,20345,971.9,shape,false,false,America/Los_Angeles,3,97603,1840017440
Sherwood,Sherwood,Oregon,41067,Washington,45.3594,-122.8427,20286,1600.6,shape,false,true,America/Los_Angeles,3,97140,1840021205
Hermiston,Hermiston,Oregon,41059,Umatilla,45.8326,-119.2854,19267,882.5,shape,false,true,America/Los_Angeles,3,97838,1840019915
Cedar Mill,Cedar Mill,Oregon,41067,Washington,45.5355,-122.8006,19151,2221.4,shape,false,false,America/Los_Angeles,2,97229 97296,1840034678
Central Point,Central Point,Oregon,41029,Jackson,42.3764,-122.9111,19123,1873.6,shape,false,true,America/Los_Angeles,3,97502,1840018672
Lebanon,Lebanon,Oregon,41043,Linn,44.5317,-122.9071,18587,1021.9,shape,false,true,America/Los_Angeles,3,97355,1840019991
Canby,Canby,Oregon,41005,Clackamas,45.2652,-122.6867,18127,1489.9,shape,false,true,America/Los_Angeles,3,97013,1840018569
Oak Grove,Oak Grove,Oregon,41005,Clackamas,45.4156,-122.6349,17535,1734.5,shape,false,false,America/Los_Angeles,3,97222 97267 97268,1840018568
Pendleton,Pendleton,Oregon,41059,Umatilla,45.6757,-118.8201,17005,570.4,shape,false,true,America/Los_Angeles,3,97801,1840019917
Dallas,Dallas,Oregon,41053,Polk,44.9221,-123.313,16945,1333.6,shape,false,true,America/Los_Angeles,3,97338,1840018590
Four Corners,Four Corners,Oregon,41047,Marion,44.929,-122.9732,16163,2551.6,shape,false,false,America/Los_Angeles,2,97301 97317,1840034722
Troutdale,Troutdale,Oregon,41051,Multnomah,45.5372,-122.3955,16150,1048.7,shape,false,true,America/Los_Angeles,3,97060,1840021209
The Dalles,The Dalles,Oregon,41065,Wasco,45.6053,-121.1818,15988,926.7,shape,false,true,America/Los_Angeles,3,97058,1840021212
Coos Bay,Coos Bay,Oregon,41011,Coos,43.3789,-124.233,15949,579.4,shape,false,true,America/Los_Angeles,3,97459 97420,1840018653
St. Helens,St. Helens,Oregon,41009,Columbia,45.8572,-122.8164,14015,1120.2,shape,false,true,America/Los_Angeles,3,97051,1840021185
Cornelius,Cornelius,Oregon,41067,Washington,45.5188,-123.051,13245,2186.4,shape,false,true,America/Los_Angeles,2,97113,1840018557
La Grande,La Grande,Oregon,41061,Union,45.3242,-118.0865,13097,1103.6,shape,false,true,America/Los_Angeles,3,97850,1840019924
Oatfield,Oatfield,Oregon,41005,Clackamas,45.4125,-122.594,13073,1486.8,shape,false,false,America/Los_Angeles,3,97222 97267,1840034837
Sandy,Sandy,Oregon,41005,Clackamas,45.3988,-122.2697,12592,1339.4,shape,false,true,America/Los_Angeles,3,97055,1840021217
Gladstone,Gladstone,Oregon,41005,Clackamas,45.3864,-122.5934,11996,1931.4,shape,false,true,America/Los_Angeles,3,97027,1840019949
Oak Hills,Oak Hills,Oregon,41067,Washington,45.5405,-122.8413,11780,2920.5,shape,false,false,America/Los_Angeles,2,97229 97006,1840034830
Ontario,Ontario,Oregon,41045,Malheur,44.0259,-116.976,11610,867.8,shape,false,true,America/Boise,3,97914,1840020002
Santa Clara,Santa Clara,Oregon,41039,Lane,44.1154,-123.1344,11377,927.6,shape,false,false,America/Los_Angeles,3,97404,1840145606
White City,White City,Oregon,41029,Jackson,42.4316,-122.8322,11123,2302.4,shape,false,false,America/Los_Angeles,2,97503,1840018673
Monmouth,Monmouth,Oregon,41053,Polk,44.8505,-123.2284,11054,1898.0,shape,false,true,America/Los_Angeles,3,97361,1840019971
Prineville,Prineville,Oregon,41013,Crook,44.2985,-120.8607,10915,328.5,shape,false,true,America/Los_Angeles,3,97754,1840019999
Cottage Grove,Cottage Grove,Oregon,41039,Lane,43.796,-123.0573,10583,1057.2,shape,false,true,America/Los_Angeles,3,97424,1840018624
Damascus,Damascus,Oregon,41005,Clackamas,45.4233,-122.4436,10555,231.4,shape,false,false,America/Los_Angeles,3,97089,1840018571
Fairview,Fairview,Oregon,41051,Multnomah,45.5469,-122.439,10515,1314.1,shape,false,true,America/Los_Angeles,3,97024,1840019938
Silverton,Silverton,Oregon,41047,Marion,45.003,-122.7808,10439,1149.3,shape,false,true,America/Los_Angeles,3,97381,1840021226
Newport,Newport,Oregon,41041,Lincoln,44.6242,-124.0513,10319,399.4,shape,false,true,America/Los_Angeles,3,97365 97366,1840019975
North Bend,North Bend,Oregon,41011,Coos,43.4075,-124.2364,10250,1006.4,shape,false,true,America/Los_Angeles,3,97459,1840020057
Astoria,Astoria,Oregon,41007,Clatsop,46.1856,-123.8053,10184,643.6,shape,false,true,America/Los_Angeles,3,97103,1840018504
Molalla,Molalla,Oregon,41005,Clackamas,45.1502,-122.5845,10147,1579.8,shape,false,true,America/Los_Angeles,3,97038,1840019953
Baker City,Baker City,Oregon,41001,Baker,44.7749,-117.832,10110,545.0,shape,false,true,America/Los_Angeles,3,97814,1840018587
Independence,Independence,Oregon,41053,Polk,44.8547,-123.1952,9981,1292.2,shape,false,true,America/Los_Angeles,3,97351,1840018589
Rockcreek,Rockcreek,Oregon,41067,Washington,45.5526,-122.876,9923,1948.3,shape,false,false,America/Los_Angeles,3,97229,1840034833
Sweet Home,Sweet Home,Oregon,41043,Linn,44.4023,-122.7028,9852,717.4,shape,false,true,America/Los_Angeles,3,97386,1840021253
Lincoln City,Lincoln City,Oregon,41041,Lincoln,44.9751,-124.0072,9790,624.8,shape,false,true,America/Los_Angeles,3,97364 97367,1840019974
Eagle Point,Eagle Point,Oregon,41029,Jackson,42.4677,-122.8016,9735,1266.3,shape,false,true,America/Los_Angeles,3,97524,1840018676
Florence,Florence,Oregon,41039,Lane,43.9916,-124.1063,9384,654.8,shape,false,true,America/Los_Angeles,3,97439,1840020008
Bull Mountain,Bull Mountain,Oregon,41067,Washington,45.4125,-122.832,9319,1813.3,shape,false,true,America/Los_Angeles,3,97224 97223 97140,1840040416
Cedar Hills,Cedar Hills,Oregon,41067,Washington,45.5047,-122.8053,9076,1857.9,shape,false,false,America/Los_Angeles,3,97225 97005,1840034716
River Road,River Road,Oregon,41039,Lane,44.0833,-123.132,8675,1843.1,shape,false,false,America/Los_Angeles,3,97404,1840034832
Sutherlin,Sutherlin,Oregon,41019,Douglas,43.3882,-123.3242,8513,537.8,shape,false,true,America/Los_Angeles,3,97479,1840021274
West Haven-Sylvan,West Haven-Sylvan,Oregon,41067,Washington,45.5164,-122.7655,8376,1429.0,shape,false,true,America/Los_Angeles,3,97225 97229,1840074715
Hood River,Hood River,Oregon,41027,Hood River,45.7092,-121.526,8292,1233.0,shape,false,true,America/Los_Angeles,3,97031,1840019942
Stayton,Stayton,Oregon,41047,Marion,44.8034,-122.7984,8210,1025.1,shape,false,true,America/Los_Angeles,3,97383,1840021227
Green,Green,Oregon,41019,Douglas,43.1509,-123.3854,8151,690.9,shape,false,false,America/Los_Angeles,3,97471,1840017439
Scappoose,Scappoose,Oregon,41009,Columbia,45.7582,-122.873,8003,899.2,shape,false,true,America/Los_Angeles,3,97056,1840021186
Jennings Lodge,Jennings Lodge,Oregon,41005,Clackamas,45.3927,-122.6152,7662,1861.1,shape,false,false,America/Los_Angeles,3,97267,1840017419
Madras,Madras,Oregon,41031,Jefferson,44.6483,-121.139,7494,354.7,shape,false,true,America/Los_Angeles,3,97741,1840019987
Umatilla,Umatilla,Oregon,41059,Umatilla,45.9119,-119.3133,7433,575.5,shape,false,true,America/Los_Angeles,3,97882,1840021195
Seaside,Seaside,Oregon,41007,Clatsop,45.9889,-123.9214,7142,708.1,shape,false,true,America/Los_Angeles,3,97138,1840021182
Milton-Freewater,Milton-Freewater,Oregon,41059,Umatilla,45.934,-118.3909,7137,1358.0,shape,false,true,America/Los_Angeles,3,97862,1840019916
Garden Home-Whitford,Garden Home-Whitford,Oregon,41067,Washington,45.4642,-122.7588,7086,1766.3,shape,false,true,America/Los_Angeles,3,97223,1840073958
Junction City,Junction City,Oregon,41039,Lane,44.2068,-123.2102,6831,799.9,shape,false,true,America/Los_Angeles,3,97448,1840018623
Raleigh Hills,Raleigh Hills,Oregon,41067,Washington,45.4851,-122.7567,6737,1710.4,shape,false,false,America/Los_Angeles,3,97225 97223,1840034810
Brookings,Brookings,Oregon,41015,Curry,42.0697,-124.3002,6719,625.5,shape,false,true,America/Los_Angeles,3,97415,1840018677
West Slope,West Slope,Oregon,41067,Washington,45.4962,-122.773,6663,1591.7,shape,false,false,America/Los_Angeles,3,97225 97005 97298,1840018554
Talent,Talent,Oregon,41029,Jackson,42.2404,-122.7807,6256,1816.2,shape,false,true,America/Los_Angeles,3,97540,1840021300
Warrenton,Warrenton,Oregon,41007,Clatsop,46.1685,-123.9302,6254,190.8,shape,false,true,America/Los_Angeles,3,97146 97121,1840021183
Sheridan,Sheridan,Oregon,41071,Yamhill,45.096,-123.3983,6237,1146.4,shape,false,true,America/Los_Angeles,3,97378,1840021220
Winston,Winston,Oregon,41019,Douglas,43.1201,-123.4246,5618,785.7,shape,false,true,America/Los_Angeles,3,97496,1840021275
Creswell,Creswell,Oregon,41039,Lane,43.9212,-123.016,5607,1262.3,shape,false,true,America/Los_Angeles,3,97426,1840018625
Deschutes River Woods,Deschutes River Woods,Oregon,41017,Deschutes,43.9887,-121.3608,5595,355.7,shape,false,false,America/Los_Angeles,3,97702,1840034826
Philomath,Philomath,Oregon,41003,Benton,44.5423,-123.3599,5429,1015.6,shape,false,true,America/Los_Angeles,3,97370,1840019998
Marlene Village,Marlene Village,Oregon,41067,Washington,45.5173,-122.8199,5286,2231.9,shape,false,false,America/Los_Angeles,2,97005 97006,1840097733
Tillamook,Tillamook,Oregon,41057,Tillamook,45.4562,-123.8331,5215,1057.3,shape,false,true,America/Los_Angeles,3,97141,1840021203
Veneta,Veneta,Oregon,41039,Lane,44.0471,-123.3514,5177,777.8,shape,false,true,America/Los_Angeles,3,97487,1840021264
King City,King City,Oregon,41067,Washington,45.4012,-122.8069,5063,2409.8,shape,false,true,America/Los_Angeles,2,97224,1840019934
Estacada,Estacada,Oregon,41005,Clackamas,45.2986,-122.3337,4619,694.2,shape,false,true,America/Los_Angeles,3,97023,1840019948
Wood Village,Wood Village,Oregon,41051,Multnomah,45.5358,-122.4205,4548,1863.4,shape,false,true,America/Los_Angeles,3,97060,1840021210
Beavercreek,Beavercreek,Oregon,41005,Clackamas,45.2756,-122.5136,4532,87.1,shape,false,true,America/Los_Angeles,4,97045 97004,1840034713
Roseburg North,Roseburg North,Oregon,41019,Douglas,43.2662,-123.3477,4478,953.0,shape,false,true,America/Los_Angeles,3,97470 97495,1840074590
Crooked River Ranch,Crooked River Ranch,Oregon,41031,Jefferson,44.4242,-121.2757,4464,83.3,shape,false,false,America/Los_Angeles,3,97760,1840141645
Lafayette,Lafayette,Oregon,41071,Yamhill,45.2463,-123.1115,4391,1831.3,shape,false,true,America/Los_Angeles,3,97127,1840019958
Phoenix,Phoenix,Oregon,41029,Jackson,42.2749,-122.8154,4389,1188.1,shape,false,true,America/Los_Angeles,3,97535,1840020077
Reedsport,Reedsport,Oregon,41019,Douglas,43.6983,-124.1121,4307,803.3,shape,false,true,America/Los_Angeles,3,97467,1840020032
Aumsville,Aumsville,Oregon,41047,Marion,44.8462,-122.87,4219,1443.1,shape,false,true,America/Los_Angeles,3,97325,1840018577
Coquille,Coquille,Oregon,41011,Coos,43.1802,-124.1841,4009,560.1,shape,false,true,America/Los_Angeles,3,97423,1840018654
Metzger,Metzger,Oregon,41067,Washington,45.4493,-122.7621,3932,1997.7,shape,false,false,America/Los_Angeles,3,97223,1840018553
Boardman,Boardman,Oregon,41049,Morrow,45.8378,-119.6937,3830,367.0,shape,false,true,America/Los_Angeles,3,97818,1840018540
Tri-City,Tri-City,Oregon,41019,Douglas,42.9894,-123.2999,3810,202.5,shape,false,false,America/Los_Angeles,3,97457,1840018637
Three Rivers,Three Rivers,Oregon,41017,Deschutes,43.8366,-121.4646,3762,192.9,shape,false,false,America/Los_Angeles,3,97707,1840034834
Harrisburg,Harrisburg,Oregon,41043,Linn,44.2719,-123.1656,3663,1011.1,shape,false,true,America/Los_Angeles,3,97446,1840019990
Toledo,Toledo,Oregon,41041,Lincoln,44.6198,-123.9341,3549,635.1,shape,false,true,America/Los_Angeles,3,97391,1840021234
Myrtle Creek,Myrtle Creek,Oregon,41019,Douglas,43.0227,-123.2812,3488,539.3,shape,false,true,America/Los_Angeles,3,97457,1840020035
Hubbard,Hubbard,Oregon,41047,Marion,45.1819,-122.8072,3427,1650.7,shape,false,true,America/Los_Angeles,3,97032,1840019961
Mount Angel,Mount Angel,Oregon,41047,Marion,45.0695,-122.7972,3413,1160.4,shape,false,true,America/Los_Angeles,3,97362,1840019962
North Plains,North Plains,Oregon,41067,Washington,45.5974,-122.9948,3365,1191.7,shape,false,true,America/Los_Angeles,3,97133,1840019933
Jefferson,Jefferson,Oregon,41047,Marion,44.7171,-123.0068,3324,1498.1,shape,false,true,America/Los_Angeles,3,97352,1840018580
Bandon,Bandon,Oregon,41011,Coos,43.1141,-124.4158,3317,464.0,shape,false,true,America/Los_Angeles,3,97411,1840018652
Redwood,Redwood,Oregon,41033,Josephine,42.4219,-123.3915,3275,365.9,shape,false,false,America/Los_Angeles,3,97527,1840034831
Dundee,Dundee,Oregon,41071,Yamhill,45.2759,-123.007,3224,929.7,shape,false,true,America/Los_Angeles,3,97115,1840018575
Oakridge,Oakridge,Oregon,41039,Lane,43.7451,-122.4638,3208,572.9,shape,false,true,America/Los_Angeles,3,97463,1840020010
Nyssa,Nyssa,Oregon,41045,Malheur,43.8779,-116.9956,3202,797.8,shape,false,true,America/Boise,3,97913,1840020001
Shady Cove,Shady Cove,Oregon,41029,Jackson,42.6117,-122.8179,3084,611.9,shape,false,true,America/Los_Angeles,3,97539,1840021299
Eagle Crest,Eagle Crest,Oregon,41017,Deschutes,44.2614,-121.2995,3074,78.1,shape,false,true,America/Los_Angeles,4,97756,1840040419
Jacksonville,Jacksonville,Oregon,41029,Jackson,42.3127,-122.9692,3008,613.9,shape,false,true,America/Los_Angeles,3,97530,1840018675
Odell,Odell,Oregon,41027,Hood River,45.6354,-121.5522,3003,574.4,shape,false,false,America/Los_Angeles,3,97031 97044,1840018559
Sisters,Sisters,Oregon,41017,Deschutes,44.2923,-121.5531,2992,597.7,shape,false,true,America/Los_Angeles,3,97759,1840021262
Millersburg,Millersburg,Oregon,41043,Linn,44.6779,-123.0691,2964,256.4,shape,false,true,America/Los_Angeles,3,97321,1840019994
Lakeview,Lakeview,Oregon,41037,Lake,42.1919,-120.3527,2947,465.8,shape,false,true,America/Los_Angeles,3,97630,1840021284
Sublimity,Sublimity,Oregon,41047,Marion,44.8294,-122.7923,2945,1212.4,shape,false,true,America/Los_Angeles,3,97385,1840021228
Juniper Canyon,Juniper Canyon,Oregon,41013,Crook,44.2027,-120.755,2849,11.7,shape,false,false,America/Los_Angeles,3,97754,1840150465
Turner,Turner,Oregon,41047,Marion,44.8489,-122.9518,2792,752.3,shape,false,true,America/Los_Angeles,3,97392,1840021229
Lincoln Beach,Lincoln Beach,Oregon,41041,Lincoln,44.8746,-124.031,2779,332.0,shape,false,false,America/Los_Angeles,3,97341 97367 97388,1840018591
Burns,Burns,Oregon,41025,Harney,43.5883,-119.0612,2735,297.4,shape,false,true,America/Los_Angeles,3,97720,1840018632
Myrtle Point,Myrtle Point,Oregon,41011,Coos,43.0617,-124.1327,2689,646.0,shape,false,true,America/Los_Angeles,3,97458,1840020056
Dayton,Dayton,Oregon,41071,Yamhill,45.2198,-123.0781,2677,1236.1,shape,false,true,America/Los_Angeles,3,97114,1840018574
Gervais,Gervais,Oregon,41047,Marion,45.1081,-122.8964,2605,2468.4,shape,false,true,America/Los_Angeles,2,97026,1840019960
Gold Beach,Gold Beach,Oregon,41015,Curry,42.3974,-124.4171,2533,386.0,shape,false,true,America/Los_Angeles,3,97444,1840020078
La Pine,La Pine,Oregon,41017,Deschutes,43.6869,-121.4853,2483,134.3,shape,false,true,America/Los_Angeles,3,97739,1840020004
Warm Springs,Warm Springs,Oregon,41031,Jefferson,44.7669,-121.2898,2453,22.3,shape,false,false,America/Los_Angeles,3,97761,1840018602
Carlton,Carlton,Oregon,41071,Yamhill,45.2945,-123.1753,2339,1023.0,shape,false,true,America/Los_Angeles,3,97111,1840018573
Willamina,Willamina,Oregon,41071,Yamhill,45.0784,-123.4848,2287,935.2,shape,false,true,America/Los_Angeles,3,97396,1840021221
Vernonia,Vernonia,Oregon,41009,Columbia,45.8611,-123.1834,2285,537.1,shape,false,true,America/Los_Angeles,3,97064,1840021187
Bay City,Bay City,Oregon,41057,Tillamook,45.5216,-123.8858,2224,680.3,shape,false,true,America/Los_Angeles,3,97107,1840018552
Union,Union,Oregon,41061,Union,45.2089,-117.8679,2209,342.7,shape,false,true,America/Los_Angeles,3,97883,1840021200
Mulino,Mulino,Oregon,41005,Clackamas,45.2234,-122.5617,2203,61.7,shape,false,false,America/Los_Angeles,3,97045 97042,1840023909
Culver,Culver,Oregon,41031,Jefferson,44.5234,-121.211,2173,1206.6,shape,false,true,America/Los_Angeles,3,97734,1840018603
Enterprise,Enterprise,Oregon,41063,Wallowa,45.4258,-117.2789,2172,571.6,shape,false,true,America/Los_Angeles,3,97828,1840019919
Stanfield,Stanfield,Oregon,41059,Umatilla,45.7846,-119.2187,2128,475.8,shape,false,true,America/Los_Angeles,3,97875,1840021193
Heceta Beach,Heceta Beach,Oregon,41039,Lane,44.0248,-124.1208,2122,350.3,shape,false,false,America/Los_Angeles,3,97439,1840097355
Bunker Hill,Bunker Hill,Oregon,41011,Coos,43.3502,-124.2082,2103,556.3,shape,false,false,America/Los_Angeles,3,97420,1840017442
Depoe Bay,Depoe Bay,Oregon,41041,Lincoln,44.8091,-124.0599,2066,440.4,shape,false,true,America/Los_Angeles,3,97341,1840018593
Gearhart,Gearhart,Oregon,41007,Clatsop,46.0289,-123.9173,2060,429.6,shape,false,true,America/Los_Angeles,3,97138,1840019905
Banks,Banks,Oregon,41067,Washington,45.615,-123.1071,2047,1037.8,shape,false,true,America/Los_Angeles,3,97106,1840018555
Vale,Vale,Oregon,41045,Malheur,43.984,-117.2418,2037,692.8,shape,false,true,America/Boise,3,97918,1840021261
Rainier,Rainier,Oregon,41009,Columbia,46.0768,-122.9405,2010,190.2,shape,false,true,America/Los_Angeles,3,97048,1840019908
Harbor,Harbor,Oregon,41015,Curry,42.0385,-124.2516,2003,402.7,shape,false,false,America/Los_Angeles,3,97415,1840017458
Rogue River,Rogue River,Oregon,41029,Jackson,42.4354,-123.1681,1997,799.4,shape,false,true,America/Los_Angeles,3,97537 97525,1840020075
Boring,Boring,Oregon,41005,Clackamas,45.4304,-122.3716,1987,178.1,shape,false,false,America/Los_Angeles,3,97009,1840034673
Clatskanie,Clatskanie,Oregon,41009,Columbia,46.1047,-123.2045,1975,588.5,shape,false,true,America/Los_Angeles,3,97016,1840018512
Waldport,Waldport,Oregon,41041,Lincoln,44.4172,-124.0665,1950,277.3,shape,false,true,America/Los_Angeles,3,97394,1840021235
Canyonville,Canyonville,Oregon,41019,Douglas,42.9273,-123.2789,1949,707.8,shape,false,true,America/Los_Angeles,3,97417,1840018639
Cave Junction,Cave Junction,Oregon,41033,Josephine,42.1672,-123.6473,1910,407.8,shape,false,true,America/Los_Angeles,3,97523,1840018681
Keno,Keno,Oregon,41035,Klamath,42.1309,-121.928,1881,78.5,shape,false,false,America/Los_Angeles,3,97601 97627,1840034689
Irrigon,Irrigon,Oregon,41049,Morrow,45.8958,-119.4883,1869,556.5,shape,false,true,America/Los_Angeles,3,97844,1840018542
Durham,Durham,Oregon,41067,Washington,45.3941,-122.758,1860,1753.2,shape,false,true,America/Los_Angeles,3,97224,1840018558
Lakeside,Lakeside,Oregon,41011,Coos,43.5795,-124.1733,1838,355.1,shape,false,true,America/Los_Angeles,3,97449,1840020059
Brownsville,Brownsville,Oregon,41043,Linn,44.3922,-122.9834,1832,520.9,shape,false,true,America/Los_Angeles,3,97327,1840018606
Merlin,Merlin,Oregon,41033,Josephine,42.5204,-123.4252,1814,168.5,shape,false,false,America/Los_Angeles,3,97532 97526,1840025484
Columbia City,Columbia City,Oregon,41009,Columbia,45.895,-122.8116,1773,872.6,shape,false,true,America/Los_Angeles,3,97018,1840018513
Dunthorpe,Dunthorpe,Oregon,41051,Multnomah,45.4417,-122.6594,1767,648.6,shape,false,false,America/Los_Angeles,3,97219,1840097624
Pacific City,Pacific City,Oregon,41057,Tillamook,45.2054,-123.9536,1767,183.5,shape,false,false,America/Los_Angeles,3,97135 97112,1840018551
Saunders Lake,Saunders Lake,Oregon,41011,Coos,43.5214,-124.211,1766,239.5,shape,false,false,America/Los_Angeles,3,97459,1840098097
Amity,Amity,Oregon,41071,Yamhill,45.1153,-123.2033,1764,1146.7,shape,false,true,America/Los_Angeles,3,97101,1840018572
Mill City,Mill City,Oregon,41043,Linn,44.752,-122.4777,1760,753.9,shape,false,true,America/Los_Angeles,3,97360,1840019993
Barview,Barview,Oregon,41011,Coos,43.347,-124.3073,1726,482.1,shape,false,false,America/Los_Angeles,3,97420,1840017441
Chenoweth,Chenoweth,Oregon,41065,Wasco,45.6206,-121.2363,1717,117.8,shape,false,false,America/Los_Angeles,3,97058,1840017417
Hines,Hines,Oregon,41025,Harney,43.5569,-119.0803,1608,300.9,shape,false,true,America/Los_Angeles,3,97738,1840020025
Warren,Warren,Oregon,41009,Columbia,45.8133,-122.8796,1608,98.4,shape,false,false,America/Los_Angeles,3,97056 97053,1840025280
Elgin,Elgin,Oregon,41061,Union,45.5646,-117.9213,1603,612.2,shape,false,true,America/Los_Angeles,3,97827,1840019922
Stafford,Stafford,Oregon,41005,Clackamas,45.3786,-122.6822,1567,96.5,shape,false,false,America/Los_Angeles,3,97068 97034,1840023910
John Day,John Day,Oregon,41023,Grant,44.4181,-118.9563,1561,266.6,shape,false,true,America/Los_Angeles,3,97845,1840018598
Coburg,Coburg,Oregon,41039,Lane,44.1394,-123.0588,1539,578.1,shape,false,true,America/Los_Angeles,3,97408,1840018622
Glide,Glide,Oregon,41019,Douglas,43.3029,-123.0666,1523,58.3,shape,false,false,America/Los_Angeles,3,97443 97447,1840017438
Sunriver,Sunriver,Oregon,41017,Deschutes,43.8815,-121.4368,1516,66.1,shape,false,false,America/Los_Angeles,3,97707,1840034819
Rose Lodge,Rose Lodge,Oregon,41041,Lincoln,45.0187,-123.8882,1491,60.0,shape,false,false,America/Los_Angeles,3,97368,1840018592
Halsey,Halsey,Oregon,41043,Linn,44.3827,-123.111,1419,978.1,shape,false,true,America/Los_Angeles,3,97348,1840019989
Cascade Locks,Cascade Locks,Oregon,41027,Hood River,45.6763,-121.8719,1418,262.6,shape,false,true,America/Los_Angeles,3,97014,1840018561
Grand Ronde,Grand Ronde,Oregon,41053,Polk,45.0739,-123.6211,1410,28.4,shape,false,false,America/Los_Angeles,3,97347,1840017424
New Hope,New Hope,Oregon,41033,Josephine,42.3693,-123.359,1399,141.1,shape,false,false,America/Los_Angeles,3,97527,1840025485
Rockaway Beach,Rockaway Beach,Oregon,41057,Tillamook,45.6186,-123.9398,1393,336.2,shape,false,true,America/Los_Angeles,3,97136,1840019927
Ruch,Ruch,Oregon,41029,Jackson,42.2314,-123.0403,1368,78.4,shape,false,false,America/Los_Angeles,3,97530,1840025461
Athena,Athena,Oregon,41059,Umatilla,45.8133,-118.4926,1333,938.2,shape,false,true,America/Los_Angeles,3,97813,1840018536
Falls City,Falls City,Oregon,41053,Polk,44.8648,-123.4372,1321,424.5,shape,false,true,America/Los_Angeles,3,97344,1840019970
Heppner,Heppner,Oregon,41049,Morrow,45.3547,-119.556,1318,413.8,shape,false,true,America/Los_Angeles,3,97836,1840019921
Tangent,Tangent,Oregon,41043,Linn,44.5477,-123.1109,1299,132.3,shape,false,true,America/Los_Angeles,3,97389,1840021254
Terrebonne,Terrebonne,Oregon,41017,Deschutes,44.3533,-121.1807,1298,493.7,shape,false,false,America/Los_Angeles,3,97760,1840018619
Oakland,Oakland,Oregon,41019,Douglas,43.4233,-123.2969,1288,680.8,shape,false,true,America/Los_Angeles,3,97462,1840020036
Pilot Rock,Pilot Rock,Oregon,41059,Umatilla,45.496,-118.8333,1271,338.0,shape,false,true,America/Los_Angeles,3,97868,1840019918
Cannon Beach,Cannon Beach,Oregon,41007,Clatsop,45.8884,-123.9603,1271,312.4,shape,false,true,America/Los_Angeles,3,97110 97145,1840018505
Prineville Lake Acres,Prineville Lake Acres,Oregon,41013,Crook,44.1676,-120.7889,1266,74.2,shape,false,false,America/Los_Angeles,3,97754,1840147322
Gold Hill,Gold Hill,Oregon,41029,Jackson,42.4358,-123.0527,1261,639.3,shape,false,true,America/Los_Angeles,3,97525,1840020074
Dunes City,Dunes City,Oregon,41039,Lane,43.9079,-124.0985,1223,175.7,shape,false,true,America/Los_Angeles,3,97439,1840018626
Lowell,Lowell,Oregon,41039,Lane,43.9208,-122.7819,1211,540.4,shape,false,true,America/Los_Angeles,3,97452,1840020009
Adair Village,Adair Village,Oregon,41003,Benton,44.6706,-123.216,1185,1029.3,shape,false,true,America/Los_Angeles,3,97330,1840018610
Yamhill,Yamhill,Oregon,41071,Yamhill,45.3409,-123.1846,1184,938.0,shape,false,true,America/Los_Angeles,3,97148,1840021222
Lyons,Lyons,Oregon,41043,Linn,44.7777,-122.6098,1175,521.7,shape,false,true,America/Los_Angeles,3,97358,1840019992
Williams,Williams,Oregon,41033,Josephine,42.2194,-123.2922,1173,40.0,shape,false,false,America/Los_Angeles,3,97544,1840025489
Riddle,Riddle,Oregon,41019,Douglas,42.9542,-123.3644,1157,703.8,shape,false,true,America/Los_Angeles,3,97469,1840020033
Donald,Donald,Oregon,41047,Marion,45.2227,-122.8389,1151,940.7,shape,false,true,America/Los_Angeles,3,97020 97002,1840018583
Siletz,Siletz,Oregon,41041,Lincoln,44.7219,-123.9187,1134,694.9,shape,false,true,America/Los_Angeles,3,97380,1840021233
Yoncalla,Yoncalla,Oregon,41019,Douglas,43.6003,-123.2875,1104,634.5,shape,false,true,America/Los_Angeles,3,97499,1840021276
South Lebanon,South Lebanon,Oregon,41043,Linn,44.5055,-122.8959,1084,355.7,shape,false,false,America/Los_Angeles,3,97355,1840018604
Dexter,Dexter,Oregon,41039,Lane,43.9188,-122.822,1068,224.1,shape,false,false,America/Los_Angeles,3,97431,1840034681
Aurora,Aurora,Oregon,41047,Marion,45.2284,-122.7573,1055,841.0,shape,false,true,America/Los_Angeles,3,97002,1840018578
Drain,Drain,Oregon,41019,Douglas,43.6623,-123.3143,1055,643.4,shape,false,true,America/Los_Angeles,3,97435,1840018640
Island City,Island City,Oregon,41061,Union,45.3358,-118.0492,1054,413.6,shape,false,true,America/Los_Angeles,3,97850,1840018544
Joseph,Joseph,Oregon,41063,Wallowa,45.3525,-117.2304,1048,446.3,shape,false,true,America/Los_Angeles,3,97846,1840018537
Maywood Park,Maywood Park,Oregon,41051,Multnomah,45.5524,-122.5617,1043,2318.1,shape,false,true,America/Los_Angeles,2,97220,1840019940
Mission,Mission,Oregon,41059,Umatilla,45.6586,-118.6655,1024,51.9,shape,false,false,America/Los_Angeles,3,97801,1840018534
Foots Creek,Foots Creek,Oregon,41029,Jackson,42.3845,-123.1408,983,62.5,shape,false,false,America/Los_Angeles,3,97525,1840025459
Bayside Gardens,Bayside Gardens,Oregon,41057,Tillamook,45.7143,-123.9165,980,381.7,shape,false,false,America/Los_Angeles,3,97131 97130,1840034711
Bayshore,Bayshore,Oregon,41041,Lincoln,44.4419,-124.0754,956,264.7,shape,false,false,America/Los_Angeles,3,97394,1840146537
Knappa,Knappa,Oregon,41007,Clatsop,46.1694,-123.5822,945,176.6,shape,false,false,America/Los_Angeles,3,97103,1840034731
Metolius,Metolius,Oregon,41031,Jefferson,44.5875,-121.176,921,743.7,shape,false,true,America/Los_Angeles,3,97741,1840019988
Glasgow,Glasgow,Oregon,41011,Coos,43.4371,-124.1961,920,110.2,shape,false,false,America/Los_Angeles,3,97459,1840025440
Merrill,Merrill,Oregon,41035,Klamath,42.026,-121.6008,905,761.3,shape,false,true,America/Los_Angeles,3,97633,1840020053
Port Orford,Port Orford,Oregon,41015,Curry,42.7497,-124.4973,897,222.2,shape,false,true,America/Los_Angeles,3,97465,1840020079
Selma,Selma,Oregon,41033,Josephine,42.2797,-123.6151,892,53.3,shape,false,false,America/Los_Angeles,3,97538,1840025487
Malin,Malin,Oregon,41035,Klamath,42.0133,-121.4096,881,681.4,shape,false,true,America/Los_Angeles,3,97632,1840020052
Scio,Scio,Oregon,41043,Linn,44.7046,-122.8508,860,764.1,shape,false,true,America/Los_Angeles,3,97374,1840021251
Dufur,Dufur,Oregon,41065,Wasco,45.4531,-121.1288,857,561.8,shape,false,true,America/Los_Angeles,3,97021,1840018567
Monroe,Monroe,Oregon,41003,Benton,44.3168,-123.2989,853,639.9,shape,false,true,America/Los_Angeles,3,97456,1840019997
Canyon City,Canyon City,Oregon,41023,Grant,44.3931,-118.9494,834,228.7,shape,false,true,America/Los_Angeles,3,97820,1840022349
Running Y Ranch,Running Y Ranch,Oregon,41035,Klamath,42.2751,-121.8747,832,67.6,shape,false,false,America/Los_Angeles,3,97601,1840145381
Glendale,Glendale,Oregon,41019,Douglas,42.7381,-123.4294,827,814.1,shape,false,true,America/Los_Angeles,3,97442,1840020031
Falcon Heights,Falcon Heights,Oregon,41035,Klamath,42.1314,-121.7566,818,755.9,shape,false,false,America/Los_Angeles,3,97603,1840098166
Svensen,Svensen,Oregon,41007,Clatsop,46.1543,-123.6528,812,140.0,shape,false,false,America/Los_Angeles,3,97103,1840097474
Melrose,Melrose,Oregon,41019,Douglas,43.2529,-123.4574,797,70.8,shape,false,false,America/Los_Angeles,3,97471,1840025420
Yachats,Yachats,Oregon,41041,Lincoln,44.3127,-124.1023,772,327.3,shape,false,true,America/Los_Angeles,3,97498,1840021236
Lookingglass,Lookingglass,Oregon,41019,Douglas,43.1848,-123.4999,762,25.4,shape,false,false,America/Los_Angeles,3,97471,1840025419
Powers,Powers,Oregon,41011,Coos,42.8859,-124.0734,756,500.1,shape,false,true,America/Los_Angeles,3,97466,1840020058
Wallowa,Wallowa,Oregon,41063,Wallowa,45.5704,-117.5286,724,457.5,shape,false,true,America/Los_Angeles,3,97885,1840021197
Prairie City,Prairie City,Oregon,41023,Grant,44.4611,-118.7094,717,279.2,shape,false,true,America/Los_Angeles,3,97869,1840019983
Garibaldi,Garibaldi,Oregon,41057,Tillamook,45.5607,-123.9112,716,280.2,shape,false,true,America/Los_Angeles,3,97118,1840019926
Tetherow,Tetherow,Oregon,41017,Deschutes,44.0389,-121.3667,716,129.6,shape,false,true,America/Los_Angeles,4,97702,1840040452
Condon,Condon,Oregon,41021,Gilliam,45.2366,-120.186,697,330.3,shape,false,true,America/Los_Angeles,3,97823,1840018547
Chiloquin,Chiloquin,Oregon,41035,Klamath,42.5764,-121.8677,696,328.7,shape,false,true,America/Los_Angeles,3,97624,1840018651
Tumalo,Tumalo,Oregon,41017,Deschutes,44.1561,-121.328,687,155.4,shape,false,false,America/Los_Angeles,3,97703,1840023977
Lacomb,Lacomb,Oregon,41043,Linn,44.5844,-122.7417,685,66.4,shape,false,false,America/Los_Angeles,3,97355,1840023942
Huntington,Huntington,Oregon,41001,Baker,44.3501,-117.2668,682,355.8,shape,false,true,America/Los_Angeles,3,97907,1840019968
Cove,Cove,Oregon,41061,Union,45.2964,-117.8102,676,324.6,shape,false,true,America/Los_Angeles,3,97824,1840018545
Prospect,Prospect,Oregon,41029,Jackson,42.7526,-122.4757,661,72.9,shape,false,false,America/Los_Angeles,3,97536,1840025460
North Powder,North Powder,Oregon,41061,Union,45.03,-117.9205,658,404.8,shape,false,true,America/Los_Angeles,3,97867,1840019923
Arlington,Arlington,Oregon,41021,Gilliam,45.7207,-120.1887,658,99.6,shape,false,true,America/Los_Angeles,3,97812 97861,1840018546
Trail,Trail,Oregon,41029,Jackson,42.6567,-122.8135,644,36.6,shape,false,false,America/Los_Angeles,3,97539 97541,1840025462
Takilma,Takilma,Oregon,41033,Josephine,42.0409,-123.6223,633,41.1,shape,false,false,America/Los_Angeles,3,97523,1840025488
Mosier,Mosier,Oregon,41065,Wasco,45.685,-121.3951,630,533.2,shape,false,true,America/Los_Angeles,3,97040,1840019944
Netarts,Netarts,Oregon,41057,Tillamook,45.4356,-123.9344,622,92.4,shape,false,false,America/Los_Angeles,3,97141 97143,1840018549
O'Brien,O'Brien,Oregon,41033,Josephine,42.0702,-123.7077,619,45.8,shape,false,false,America/Los_Angeles,3,97534,1840025486
Gaston,Gaston,Oregon,41067,Washington,45.4348,-123.1449,617,688.3,shape,false,true,America/Los_Angeles,3,97119,1840019931
Umapine,Umapine,Oregon,41059,Umatilla,45.976,-118.501,596,69.4,shape,false,false,America/Los_Angeles,3,97862,1840025290
Mount Vernon,Mount Vernon,Oregon,41023,Grant,44.4169,-119.1132,595,336.6,shape,false,true,America/Los_Angeles,3,97865,1840019982
Jasper,Jasper,Oregon,41039,Lane,43.9892,-122.91,574,83.2,shape,false,false,America/Los_Angeles,3,97478 97455,1840098248
Green Meadows,Green Meadows,Oregon,41059,Umatilla,45.6131,-118.8,560,176.4,shape,false,false,America/Los_Angeles,3,97801,1840139985
Rivergrove,Rivergrove,Oregon,41005,Clackamas,45.3851,-122.733,558,1267.2,shape,false,true,America/Los_Angeles,3,97035,1840019951
Neotsu,Neotsu,Oregon,41041,Lincoln,44.9944,-123.9783,547,197.7,shape,false,false,America/Los_Angeles,3,97368 97364,1840098015
Bonanza,Bonanza,Oregon,41035,Klamath,42.2003,-121.4066,545,256.7,shape,false,true,America/Los_Angeles,3,97623,1840021283
Manzanita,Manzanita,Oregon,41057,Tillamook,45.7165,-123.9352,538,252.9,shape,false,true,America/Los_Angeles,3,97130,1840019928
Mehama,Mehama,Oregon,41047,Marion,44.7914,-122.6308,534,449.9,shape,false,false,America/Los_Angeles,3,97383 97384,1840018576
San Marine,San Marine,Oregon,41041,Lincoln,44.3533,-124.0904,528,180.8,shape,false,false,America/Los_Angeles,3,97498,1840098048
Crawfordsville,Crawfordsville,Oregon,41043,Linn,44.3561,-122.8649,525,105.5,shape,false,false,America/Los_Angeles,3,97336 97386 97327,1840023940
Seventh Mountain,Seventh Mountain,Oregon,41017,Deschutes,44.005,-121.3825,511,102.0,shape,false,true,America/Los_Angeles,4,97702,1840040438
Pleasant Valley,Pleasant Valley,Oregon,41057,Tillamook,45.3761,-123.7952,509,67.0,shape,false,false,America/Los_Angeles,3,97141,1840142705
Orient,Orient,Oregon,41051,Multnomah,45.4691,-122.3545,508,207.1,shape,false,false,America/Los_Angeles,3,97080,1840097768
Labish Village,Labish Village,Oregon,41047,Marion,45.0191,-122.9736,496,722.8,shape,false,false,America/Los_Angeles,3,97305,1840034732
Crabtree,Crabtree,Oregon,41043,Linn,44.6376,-122.9059,496,105.5,shape,false,false,America/Los_Angeles,3,97335 97374,1840023939
Fairview,Fairview,Oregon,41057,Tillamook,45.4583,-123.7927,495,423.8,shape,false,false,America/Los_Angeles,3,97141,1840153144
Adams,Adams,Oregon,41059,Umatilla,45.7662,-118.5643,490,89.8,shape,false,true,America/Los_Angeles,3,97810,1840018535
Cherry Grove,Cherry Grove,Oregon,41067,Washington,45.4508,-123.2482,489,174.4,shape,false,false,America/Los_Angeles,3,97119,1840098179
Wimer,Wimer,Oregon,41029,Jackson,42.5446,-123.148,488,38.0,shape,false,false,America/Los_Angeles,3,97537,1840025463
Fossil,Fossil,Oregon,41069,Wheeler,44.9981,-120.2146,485,239.0,shape,false,true,America/Los_Angeles,3,97830,1840019972
Weston,Weston,Oregon,41059,Umatilla,45.8165,-118.4258,483,274.3,shape,false,true,America/Los_Angeles,3,97886,1840021196
Wasco,Wasco,Oregon,41055,Sherman,45.5917,-120.6974,482,184.6,shape,false,true,America/Los_Angeles,3,97065,1840021208
Pine Hollow,Pine Hollow,Oregon,41065,Wasco,45.242,-121.291,481,83.6,shape,false,false,America/Los_Angeles,3,97063,1840034825
Echo,Echo,Oregon,41059,Umatilla,45.7431,-119.1917,478,319.3,shape,false,true,America/Los_Angeles,3,97826,1840019913
Oceanside,Oceanside,Oregon,41057,Tillamook,45.4549,-123.961,472,175.6,shape,false,false,America/Los_Angeles,3,97134 97141,1840018550
Gates,Gates,Oregon,41047,Marion,44.7561,-122.4201,451,269.8,shape,false,true,America/Los_Angeles,3,97346,1840019959
Mapleton,Mapleton,Oregon,41039,Lane,44.0325,-123.8609,449,192.8,shape,false,false,America/Los_Angeles,3,97453,1840034784
Johnson City,Johnson City,Oregon,41005,Clackamas,45.4046,-122.5794,430,2477.1,shape,false,true,America/Los_Angeles,2,97267,1840018570
Wheeler,Wheeler,Oregon,41057,Tillamook,45.6873,-123.8871,429,317.5,shape,false,true,America/Los_Angeles,3,97147,1840021204
Scotts Mills,Scotts Mills,Oregon,41047,Marion,45.041,-122.6689,422,268.2,shape,false,true,America/Los_Angeles,3,97375,1840021225
Halfway,Halfway,Oregon,41001,Baker,44.8781,-117.1097,415,356.7,shape,false,true,America/Los_Angeles,3,97834,1840019967
Elmira,Elmira,Oregon,41039,Lane,44.07,-123.3588,408,128.6,shape,false,false,America/Los_Angeles,3,97437,1840097635
Butte Falls,Butte Falls,Oregon,41029,Jackson,42.5414,-122.5691,401,361.8,shape,false,true,America/Los_Angeles,3,97522,1840021298
St. Paul,St. Paul,Oregon,41047,Marion,45.2123,-122.9772,401,259.1,shape,false,true,America/Los_Angeles,3,97137,1840021223
Marcola,Marcola,Oregon,41039,Lane,44.1751,-122.8582,400,127.1,shape,false,false,America/Los_Angeles,3,97454,1840034735
Ione,Ione,Oregon,41049,Morrow,45.5029,-119.822,397,202.0,shape,false,true,America/Los_Angeles,3,97843,1840018541
Tutuilla,Tutuilla,Oregon,41059,Umatilla,45.6142,-118.7066,395,7.6,shape,false,false,America/Los_Angeles,3,97801,1840034835
Westfir,Westfir,Oregon,41039,Lane,43.7579,-122.5097,394,73.4,shape,false,true,America/Los_Angeles,3,97492,1840021265
Oregon Shores,Oregon Shores,Oregon,41035,Klamath,42.5376,-121.9216,388,135.7,shape,false,false,America/Los_Angeles,3,97624,1840147187
Gopher Flats,Gopher Flats,Oregon,41059,Umatilla,45.6658,-118.7225,384,70.4,shape,false,true,America/Los_Angeles,4,97801,1840073994
Lostine,Lostine,Oregon,41063,Wallowa,45.4868,-117.4296,381,247.2,shape,false,true,America/Los_Angeles,3,97857,1840019920
Westport,Westport,Oregon,41007,Clatsop,46.1303,-123.3715,367,213.9,shape,false,false,America/Los_Angeles,3,97016,1840025278
Moro,Moro,Oregon,41055,Sherman,45.4837,-120.7333,365,284.1,shape,false,true,America/Los_Angeles,3,97039,1840019937
Sodaville,Sodaville,Oregon,41043,Linn,44.4831,-122.8691,364,200.0,shape,false,true,America/Los_Angeles,3,97355,1840021252
Mount Hood,Mount Hood,Oregon,41027,Hood River,45.5339,-121.5662,360,72.4,shape,false,false,America/Los_Angeles,3,97041,1840025300
Helix,Helix,Oregon,41059,Umatilla,45.8507,-118.6591,358,36.1,shape,false,true,America/Los_Angeles,3,97835,1840019914
Maupin,Maupin,Oregon,41065,Wasco,45.1732,-121.0881,356,98.5,shape,false,true,America/Los_Angeles,3,97037,1840019943
Nesika Beach,Nesika Beach,Oregon,41015,Curry,42.5045,-124.4065,355,60.1,shape,false,false,America/Los_Angeles,3,97444 97464,1840025465
Riverside,Riverside,Oregon,41059,Umatilla,45.6768,-118.7368,352,222.1,shape,false,false,America/Los_Angeles,3,97801,1840136607
Imbler,Imbler,Oregon,41061,Union,45.4621,-117.9632,336,375.8,shape,false,true,America/Los_Angeles,3,97841,1840018543
Annex,Annex,Oregon,41045,Malheur,44.2346,-116.9922,333,52.3,shape,false,false,America/Boise,3,97914,1840025373
Trent,Trent,Oregon,41039,Lane,43.9429,-122.8575,325,79.2,shape,false,false,America/Los_Angeles,3,97431,1840097485
Kerby,Kerby,Oregon,41033,Josephine,42.2045,-123.649,321,48.0,shape,false,false,America/Los_Angeles,3,97531,1840025483
Dillard,Dillard,Oregon,41019,Douglas,43.1082,-123.4262,316,103.5,shape,false,false,America/Los_Angeles,3,97496 97432,1840025416
Camp Sherman,Camp Sherman,Oregon,41031,Jefferson,44.4493,-121.6496,313,38.4,shape,false,false,America/Los_Angeles,3,97730,1840023936
Brooks,Brooks,Oregon,41047,Marion,45.0508,-122.9575,311,235.3,shape,false,false,America/Los_Angeles,3,97305,1840017420
Gilchrist,Gilchrist,Oregon,41035,Klamath,43.477,-121.69,309,107.7,shape,false,false,America/Los_Angeles,3,97737,1840034773
Rocky Point,Rocky Point,Oregon,41035,Klamath,42.4482,-122.1096,308,64.8,shape,false,false,America/Los_Angeles,3,97601,1840098161
Neahkahnie,Neahkahnie,Oregon,41057,Tillamook,45.7324,-123.9399,302,178.6,shape,false,false,America/Los_Angeles,3,97131,1840034839
Langlois,Langlois,Oregon,41015,Curry,42.9259,-124.4532,300,81.2,shape,false,false,America/Los_Angeles,3,97450,1840025464
Marion,Marion,Oregon,41047,Marion,44.7513,-122.9277,294,98.9,shape,false,false,America/Los_Angeles,3,97392,1840017422
Holley,Holley,Oregon,41043,Linn,44.349,-122.7855,294,40.3,shape,false,false,America/Los_Angeles,3,97386,1840023941
Butteville,Butteville,Oregon,41047,Marion,45.2562,-122.8357,285,104.8,shape,false,false,America/Los_Angeles,3,97002,1840017421
Paisley,Paisley,Oregon,41037,Lake,42.6926,-120.5452,283,260.3,shape,false,true,America/Los_Angeles,3,97636,1840020055
Grass Valley,Grass Valley,Oregon,41055,Sherman,45.3591,-120.7844,278,209.9,shape,false,true,America/Los_Angeles,3,97029,1840019935
Crescent,Crescent,Oregon,41035,Klamath,43.455,-121.7013,278,92.1,shape,false,false,America/Los_Angeles,3,97733,1840034760
Gardiner,Gardiner,Oregon,41019,Douglas,43.7327,-124.1068,278,186.0,shape,false,false,America/Los_Angeles,3,97441,1840025418
Nehalem,Nehalem,Oregon,41057,Tillamook,45.7196,-123.8941,269,360.6,shape,false,true,America/Los_Angeles,3,97131,1840019929
Cheshire,Cheshire,Oregon,41039,Lane,44.1901,-123.2834,266,218.4,shape,false,false,America/Los_Angeles,3,97448 97419,1840034814
Ukiah,Ukiah,Oregon,41059,Umatilla,45.1344,-118.9331,265,148.9,shape,false,true,America/Los_Angeles,3,97880,1840021194
Dayville,Dayville,Oregon,41023,Grant,44.4667,-119.5322,257,188.8,shape,false,true,America/Los_Angeles,3,97825,1840021248
Silver Lake,Silver Lake,Oregon,41037,Lake,43.1264,-121.0495,253,66.1,shape,false,false,America/Los_Angeles,3,97638,1840025438
Dilley,Dilley,Oregon,41067,Washington,45.4917,-123.1222,244,125.9,shape,false,false,America/Los_Angeles,3,97116,1840098239
Alpine,Alpine,Oregon,41003,Benton,44.3303,-123.3628,244,109.7,shape,false,false,America/Los_Angeles,3,97456,1840023948
Kirkpatrick,Kirkpatrick,Oregon,41059,Umatilla,45.6796,-118.6499,242,26.1,shape,false,false,America/Los_Angeles,3,97801,1840034836
New Pine Creek,New Pine Creek,Oregon,41037,Lake,42.0014,-120.3043,242,37.7,shape,false,false,America/Los_Angeles,3,97635,1840140052
Hebo,Hebo,Oregon,41057,Tillamook,45.226,-123.8586,241,57.2,shape,false,false,America/Los_Angeles,3,97112 97122,1840017413
Waterloo,Waterloo,Oregon,41043,Linn,44.4947,-122.8242,238,258.4,shape,false,true,America/Los_Angeles,3,97355,1840022350
Winchester Bay,Winchester Bay,Oregon,41019,Douglas,43.6729,-124.1828,237,34.5,shape,false,false,America/Los_Angeles,3,97467,1840018638
River Point,River Point,Oregon,41007,Clatsop,46.1434,-123.8041,234,173.6,shape,false,false,America/Los_Angeles,3,97103,1840142574
Ochoco West,Ochoco West,Oregon,41013,Crook,44.4033,-120.9207,234,205.7,shape,false,false,America/Los_Angeles,3,97754,1840142575
Deer Island,Deer Island,Oregon,41009,Columbia,45.933,-122.8498,230,181.9,shape,false,false,America/Los_Angeles,3,97054,1840025279
Rufus,Rufus,Oregon,41055,Sherman,45.6919,-120.7434,220,71.7,shape,false,true,America/Los_Angeles,3,97050,1840019936
Haines,Haines,Oregon,41001,Baker,44.9123,-117.9396,220,112.4,shape,false,true,America/Los_Angeles,3,97833,1840019966
Parkdale,Parkdale,Oregon,41027,Hood River,45.5131,-121.5921,213,131.4,shape,false,false,America/Los_Angeles,3,97041,1840018560
Wedderburn,Wedderburn,Oregon,41015,Curry,42.4328,-124.4232,213,77.8,shape,false,false,America/Los_Angeles,3,97444,1840098078
Sumpter,Sumpter,Oregon,41001,Baker,44.7435,-118.1975,206,36.5,shape,false,true,America/Los_Angeles,3,97877,1840021231
Beaver,Beaver,Oregon,41057,Tillamook,45.2781,-123.8222,206,205.8,shape,false,false,America/Los_Angeles,3,97108 97112,1840017412
Fair Oaks,Fair Oaks,Oregon,41019,Douglas,43.4109,-123.2194,204,42.8,shape,false,false,America/Los_Angeles,3,97479 97462,1840025417
Mitchell,Mitchell,Oregon,41069,Wheeler,44.5703,-120.1537,202,61.0,shape,false,true,America/Los_Angeles,3,97750,1840019973
Spray,Spray,Oregon,41069,Wheeler,44.8335,-119.7949,199,100.3,shape,false,true,America/Los_Angeles,3,97874,1840022339
Richland,Richland,Oregon,41001,Baker,44.7682,-117.1669,199,174.3,shape,false,true,America/Los_Angeles,3,97870,1840019969
Cape Meares,Cape Meares,Oregon,41057,Tillamook,45.5153,-123.9536,199,22.3,shape,false,false,America/Los_Angeles,3,97141,1840034758
Adrian,Adrian,Oregon,41045,Malheur,43.7408,-117.0709,198,238.2,shape,false,true,America/Boise,3,97901,1840018616
Long Creek,Long Creek,Oregon,41023,Grant,44.7142,-119.1042,190,71.7,shape,false,true,America/Los_Angeles,3,97856,1840019980
Barnesdale,Barnesdale,Oregon,41057,Tillamook,45.6487,-123.8545,185,95.8,shape,false,false,America/Los_Angeles,3,97131,1840097548
Harper,Harper,Oregon,41045,Malheur,43.857,-117.6265,184,10.1,shape,false,false,America/Boise,3,97906,1840025375
Pronghorn,Pronghorn,Oregon,41017,Deschutes,44.1881,-121.1817,183,10.7,shape,false,true,America/Los_Angeles,4,97701,1840040420
Neskowin,Neskowin,Oregon,41057,Tillamook,45.1208,-123.9766,177,49.1,shape,false,false,America/Los_Angeles,3,97149,1840018548
Summit,Summit,Oregon,41003,Benton,44.6363,-123.5769,177,86.4,shape,false,false,America/Los_Angeles,3,97326,1840023953
Cloverdale,Cloverdale,Oregon,41057,Tillamook,45.2006,-123.8842,168,80.9,shape,false,false,America/Los_Angeles,3,97112,1840017411
Shedd,Shedd,Oregon,41043,Linn,44.4579,-123.1119,168,43.0,shape,false,false,America/Los_Angeles,3,97377,1840023944
Seneca,Seneca,Oregon,41023,Grant,44.1352,-118.9763,167,81.1,shape,false,true,America/Los_Angeles,3,97873,1840021247
Idaville,Idaville,Oregon,41057,Tillamook,45.5098,-123.8633,167,132.2,shape,false,false,America/Los_Angeles,3,97141,1840034811
Jordan Valley,Jordan Valley,Oregon,41045,Malheur,42.9793,-117.0574,164,30.4,shape,false,true,America/Boise,3,97910,1840018617
Days Creek,Days Creek,Oregon,41019,Douglas,42.9705,-123.1658,163,26.7,shape,false,false,America/Los_Angeles,3,97417 97429,1840025415
Crane,Crane,Oregon,41025,Harney,43.4179,-118.5875,160,5.9,shape,false,false,America/Los_Angeles,3,97732 97720,1840025400
Barlow,Barlow,Oregon,41005,Clackamas,45.2523,-122.7223,157,296.1,shape,false,true,America/Los_Angeles,3,97013 97002,1840034812
Monument,Monument,Oregon,41023,Grant,44.8208,-119.4209,154,116.9,shape,false,true,America/Los_Angeles,3,97864,1840019981
Kings Valley,Kings Valley,Oregon,41003,Benton,44.6985,-123.4269,147,78.1,shape,false,false,America/Los_Angeles,3,97361 97370,1840023952
Rhododendron,Rhododendron,Oregon,41005,Clackamas,45.3149,-121.8887,147,14.5,shape,false,false,America/Los_Angeles,3,97049,1840034793
Elkton,Elkton,Oregon,41019,Douglas,43.6378,-123.5687,146,218.5,shape,false,true,America/Los_Angeles,3,97436,1840020030
Idanha,Idanha,Oregon,41047,Marion,44.7029,-122.0843,141,73.6,shape,false,true,America/Los_Angeles,3,97350,1840018579
Lexington,Lexington,Oregon,41049,Morrow,45.4462,-119.6879,140,123.8,shape,false,true,America/Los_Angeles,3,97839,1840021199
Alsea,Alsea,Oregon,41003,Benton,44.3815,-123.5958,139,222.6,shape,false,false,America/Los_Angeles,3,97324,1840023949
Meacham,Meacham,Oregon,41059,Umatilla,45.5231,-118.4396,132,22.5,shape,false,false,America/Los_Angeles,3,97859,1840034786
Summerville,Summerville,Oregon,41061,Union,45.4897,-118.004,130,177.1,shape,false,true,America/Los_Angeles,3,97876,1840022334
Bly,Bly,Oregon,41035,Klamath,42.3916,-121.0435,126,57.6,shape,false,false,America/Los_Angeles,3,97622,1840034756
Black Butte Ranch,Black Butte Ranch,Oregon,41017,Deschutes,44.3578,-121.6588,126,5.9,shape,false,false,America/Los_Angeles,3,97759,1840034755
Rowena,Rowena,Oregon,41065,Wasco,45.6701,-121.2749,121,25.8,shape,false,false,America/Los_Angeles,3,97058,1840018563
Jeffers Gardens,Jeffers Gardens,Oregon,41007,Clatsop,46.1518,-123.852,117,79.9,shape,false,true,America/Los_Angeles,4,97103,1840042766
Beaver Marsh,Beaver Marsh,Oregon,41035,Klamath,43.1364,-121.8042,116,25.1,shape,false,false,America/Los_Angeles,3,97731,1840097899
Cascadia,Cascadia,Oregon,41043,Linn,44.393,-122.5027,115,8.8,shape,false,false,America/Los_Angeles,3,97345,1840023938
Fort Klamath,Fort Klamath,Oregon,41035,Klamath,42.7048,-121.9943,104,34.8,shape,false,false,America/Los_Angeles,3,97626,1840034770
Detroit,Detroit,Oregon,41047,Marion,44.7338,-122.1513,102,67.2,shape,false,true,America/Los_Angeles,3,97342,1840018582
Government Camp,Government Camp,Oregon,41005,Clackamas,45.3022,-121.7527,101,52.2,shape,false,false,America/Los_Angeles,3,97028,1840023908
Chemult,Chemult,Oregon,41035,Klamath,43.215,-121.785,96,5.1,shape,false,false,America/Los_Angeles,3,97731,1840034813
Wallowa Lake,Wallowa Lake,Oregon,41063,Wallowa,45.3041,-117.2117,96,20.2,shape,false,true,America/Los_Angeles,4,97846,1840040459
Pine Grove,Pine Grove,Oregon,41065,Wasco,45.1135,-121.3553,92,5.9,shape,false,false,America/Los_Angeles,3,97037,1840018562
McKay,McKay,Oregon,41059,Umatilla,45.4923,-118.6842,89,1.5,shape,false,false,America/Los_Angeles,3,97868,1840097737
Antelope,Antelope,Oregon,41065,Wasco,44.9113,-120.7236,71,59.4,shape,false,true,America/Los_Angeles,3,97001,1840018566
Sportsmans Park,Sportsmans Park,Oregon,41065,Wasco,45.2197,-121.3945,67,45.4,shape,false,false,America/Los_Angeles,3,97063,1840148747
Plush,Plush,Oregon,41037,Lake,42.4051,-119.8993,67,16.0,shape,false,false,America/Los_Angeles,3,97637,1840025437
Fort Hill,Fort Hill,Oregon,41053,Polk,45.067,-123.5605,65,17.5,shape,false,false,America/Los_Angeles,3,97396 97347,1840026116
Prescott,Prescott,Oregon,41009,Columbia,46.0487,-122.8879,60,120.2,shape,false,true,America/Los_Angeles,3,97048,1840019907
Cayuse,Cayuse,Oregon,41059,Umatilla,45.6765,-118.5736,58,7.8,shape,false,false,America/Los_Angeles,3,97801,1840034715
Tygh Valley,Tygh Valley,Oregon,41065,Wasco,45.2417,-121.1693,54,5.6,shape,false,false,America/Los_Angeles,3,97063,1840018564
Wamic,Wamic,Oregon,41065,Wasco,45.2256,-121.2927,52,16.7,shape,false,false,America/Los_Angeles,3,97063,1840018565
Bellfountain,Bellfountain,Oregon,41003,Benton,44.3654,-123.3559,43,12.3,shape,false,false,America/Los_Angeles,3,97456,1840023950
Unity,Unity,Oregon,41001,Baker,44.4491,-118.1881,37,22.3,shape,false,true,America/Los_Angeles,3,97884,1840021232
West Scio,West Scio,Oregon,41043,Linn,44.7098,-122.8812,35,103.9,shape,false,false,America/Los_Angeles,3,97374,1840034748
Peoria,Peoria,Oregon,41043,Linn,44.4508,-123.2043,32,26.0,shape,false,false,America/Los_Angeles,3,97348 97377,1840023943
Juntura,Juntura,Oregon,41045,Malheur,43.7487,-118.0789,21,3.5,shape,false,false,America/Boise,3,97911,1840025376
Lonerock,Lonerock,Oregon,41021,Gilliam,45.0887,-119.8841,18,6.9,shape,false,true,America/Los_Angeles,3,97823,1840019925
Beatty,Beatty,Oregon,41035,Klamath,42.4419,-121.2716,18,7.1,shape,false,false,America/Los_Angeles,3,97621,1840034754
Shaniko,Shaniko,Oregon,41065,Wasco,45.0037,-120.7522,18,14.0,shape,false,true,America/Los_Angeles,3,97037 97057,1840021211
Brogan,Brogan,Oregon,41045,Malheur,44.2475,-117.5187,16,2.2,shape,false,false,America/Boise,3,97903,1840025374
Crescent Lake,Crescent Lake,Oregon,41035,Klamath,43.5097,-121.9354,14,3.5,shape,false,false,America/Los_Angeles,3,97733,1840097928
Granite,Granite,Oregon,41023,Grant,44.81,-118.4187,9,25.9,shape,false,true,America/Los_Angeles,3,97877,1840019979
Greenhorn,Greenhorn,Oregon,41001,Baker,44.7087,-118.4968,0,0.0,shape,false,true,America/Los_Angeles,3,97817 97877,1840019965
Rickreall,Rickreall,Oregon,41053,Polk,44.9319,-123.2344,0,71.0,shape,false,false,America/Los_Angeles,3,97371,1840018588
Blodgett,Blodgett,Oregon,41003,Benton,44.5969,-123.5211,0,49.8,shape,false,false,America/Los_Angeles,3,97326,1840023951
Biggs Junction,Biggs Junction,Oregon,41055,Sherman,45.664,-120.839,0,9.5,shape,false,false,America/Los_Angeles,3,97065,1840017416
Eola,Eola,Oregon,41053,Polk,44.9312,-123.1202,0,28.4,shape,false,false,America/Los_Angeles,3,97304,1840017423
Sprague River,Sprague River,Oregon,41035,Klamath,42.4567,-121.5022,0,34.9,shape,false,false,America/Los_Angeles,3,97639 97624,1840034800
Pistol River,Pistol River,Oregon,41015,Curry,42.2837,-124.3992,0,38.1,shape,false,false,America/Los_Angeles,3,97444,1840025466
