New Orleans,New Orleans,Louisiana,22071,Orleans,30.0687,-89.9288,932759,866.5,shape,false,true,America/Chicago,2,70139 70130 70131 70148 70114 70115 70116 70117 70112 70113 70118 70119 70129 70128 70125 70124 70127 70126 70122 70163 70142 70145 70146 70150 70151 70152 70153 70154 70156 70157 70158 70159 70160 70161 70162 70164 70165 70166 70167 70170 70172 70174 70175 70176 70177 70178 70179 70181 70182 70184 70185 70186 70187 70189 70190 70195,1840001839
Baton Rouge,Baton Rouge,Louisiana,22033,East Baton Rouge,30.442,-91.1311,635671,1001.4,shape,false,true,America/Chicago,2,70836 70808 70809 70802 70803 70801 70806 70807 70805 70820 70825 70819 70813 70812 70815 70814 70816 70804 70821 70822 70823 70827 70831 70833 70835 70873 70874 70891 70892 70893 70894 70895 70898,1840013941
Shreveport,Shreveport,Louisiana,22017,Caddo,32.4653,-93.7955,283536,664.7,shape,false,true,America/Chicago,2,71129 71101 71103 71104 71105 71106 71107 71108 71109 71119 71118 71102 71120 71130 71133 71134 71135 71136 71138 71148 71149 71151 71152 71153 71154 71156 71161 71162 71163 71164 71165 71166,1840015768
Lafayette,Lafayette,Louisiana,22055,Lafayette,30.2082,-92.0325,237565,839.2,shape,false,true,America/Chicago,2,70508 70507 70506 70503 70501 70502 70504 70505 70509 70593 70596 70598,1840015044
Lake Charles,Lake Charles,Louisiana,22019,Calcasieu,30.201,-93.2111,151109,670.5,shape,false,true,America/Chicago,2,70605 70607 70601 70609 70615 70629 70602 70606 70612 70616,1840015039
Houma,Houma,Louisiana,22109,Terrebonne,29.58,-90.7059,143160,883.2,shape,false,true,America/Chicago,2,70363 70360 70361,1840015063
Metairie,Metairie,Louisiana,22051,Jefferson,29.9977,-90.178,140046,2334.8,shape,false,false,America/Chicago,2,70002 70003 70001 70006 70005 70004 70009 70010 70011 70033 70055,1840013994
Monroe,Monroe,Louisiana,22073,Ouachita,32.5185,-92.0774,116927,620.2,shape,false,true,America/Chicago,2,71212 71209 71203 71202 71201 71207 71210 71213 71217,1840014881
Mandeville,Mandeville,Louisiana,22103,St. Tammany,30.3751,-90.0904,116649,665.0,shape,false,true,America/Chicago,2,70448 70471 70470,1840015909
Slidell,Slidell,Louisiana,22103,St. Tammany,30.2887,-89.7828,95528,736.5,shape,false,true,America/Chicago,3,70460 70458 70459 70469,1840015911
Alexandria,Alexandria,Louisiana,22079,Rapides,31.2923,-92.4702,77109,611.6,shape,false,true,America/Chicago,3,71302 71303 71301 71307 71309 71315 71348,1840013873
Hammond,Hammond,Louisiana,22105,Tangipahoa,30.5061,-90.4563,76032,548.3,shape,false,true,America/Chicago,3,70402 70403 70401 70404,1840013908
Kenner,Kenner,Louisiana,22051,Jefferson,30.0109,-90.2549,65785,1705.9,shape,false,true,America/Chicago,3,70065 70062 70063 70064 70097 70141,1840015047
Bossier City,Bossier City,Louisiana,22015,Bossier,32.5224,-93.6668,62971,554.5,shape,false,true,America/Chicago,3,71112 71111 71110 71113 71171 71172,1840013790
Prairieville,Prairieville,Louisiana,22005,Ascension,30.3151,-90.9571,34215,600.5,shape,false,false,America/Chicago,3,70769,1840026029
Marrero,Marrero,Louisiana,22051,Jefferson,29.8871,-90.1126,32003,1716.3,shape,false,false,America/Chicago,3,70072,1840013993
Central,Central,Louisiana,22033,East Baton Rouge,30.5593,-91.0369,29518,183.1,shape,false,true,America/Chicago,3,70770 70791 70714 70739 70819 70818,1840023139
Laplace,Laplace,Louisiana,22095,St. John the Baptist,30.0731,-90.4758,28956,535.0,shape,false,false,America/Chicago,3,70068 70069,1840013968
New Iberia,New Iberia,Louisiana,22045,Iberia,30.0049,-91.8202,28363,983.0,shape,false,true,America/Chicago,3,70560 70563 70562,1840015053
Terrytown,Terrytown,Louisiana,22051,Jefferson,29.9014,-90.0279,26105,2750.9,shape,false,false,America/Chicago,2,70056,1840013990
Ruston,Ruston,Louisiana,22061,Lincoln,32.5328,-92.6363,22282,406.0,shape,false,true,America/Chicago,3,71272 71270,1840014878
Chalmette,Chalmette,Louisiana,22087,St. Bernard,29.9438,-89.966,22192,1194.3,shape,false,false,America/Chicago,3,70043 70032 70044,1840014001
Harvey,Harvey,Louisiana,22051,Jefferson,29.8876,-90.0666,21485,1278.9,shape,false,false,America/Chicago,3,70058 70059 70060,1840013985
Sulphur,Sulphur,Louisiana,22019,Calcasieu,30.2286,-93.3566,21286,731.5,shape,false,true,America/Chicago,3,70663 70665,1840015927
Bayou Cane,Bayou Cane,Louisiana,22109,Terrebonne,29.6243,-90.751,21142,1072.3,shape,false,false,America/Chicago,3,70360 70364,1840014031
Zachary,Zachary,Louisiana,22033,East Baton Rouge,30.6643,-91.1634,19401,278.9,shape,false,true,America/Chicago,3,70791,1840015908
Shenandoah,Shenandoah,Louisiana,22033,East Baton Rouge,30.4019,-91.002,18561,1156.2,shape,false,false,America/Chicago,3,70817,1840031152
Natchitoches,Natchitoches,Louisiana,22069,Natchitoches,31.7315,-93.0975,17908,304.7,shape,false,true,America/Chicago,3,71457 71497 71458,1840014925
Gretna,Gretna,Louisiana,22051,Jefferson,29.9101,-90.0515,17640,1687.7,shape,false,true,America/Chicago,3,70056 70053 70054,1840013996
Estelle,Estelle,Louisiana,22051,Jefferson,29.8447,-90.1021,17091,1422.8,shape,false,false,America/Chicago,3,70072,1840013111
Youngsville,Youngsville,Louisiana,22055,Lafayette,30.0963,-91.9968,15990,492.0,shape,false,true,America/Chicago,3,70592,1840015931
Opelousas,Opelousas,Louisiana,22097,St. Landry,30.5252,-92.0816,15810,631.1,shape,false,true,America/Chicago,3,70570 70571,1840015014
Thibodaux,Thibodaux,Louisiana,22057,Lafourche,29.7949,-90.8146,15738,894.6,shape,false,true,America/Chicago,3,70301 70310,1840015946
Pineville,Pineville,Louisiana,22079,Rapides,31.3414,-92.4096,14357,439.6,shape,false,true,America/Chicago,3,71360 71359,1840014963
Luling,Luling,Louisiana,22089,St. Charles,29.9008,-90.3523,14207,235.5,shape,false,false,America/Chicago,3,70070 70039 70057,1840013980
River Ridge,River Ridge,Louisiana,22051,Jefferson,29.9593,-90.2202,13362,1845.3,shape,false,false,America/Chicago,3,70123 70183,1840013995
Broussard,Broussard,Louisiana,22055,Lafayette,30.1396,-91.954,13322,284.6,shape,false,true,America/Chicago,3,70518,1840013964
West Monroe,West Monroe,Louisiana,22073,Ouachita,32.512,-92.1513,12987,624.8,shape,false,true,America/Chicago,3,71291 71292 71294,1840015795
Baker,Baker,Louisiana,22033,East Baton Rouge,30.5832,-91.1582,12463,572.2,shape,false,true,America/Chicago,3,70714 70704,1840013939
Gonzales,Gonzales,Louisiana,22005,Ascension,30.2132,-90.9234,12356,521.9,shape,false,true,America/Chicago,3,70737,1840013965
Claiborne,Claiborne,Louisiana,22073,Ouachita,32.5379,-92.1981,12159,471.5,shape,false,false,America/Chicago,3,71291,1840013811
Destrehan,Destrehan,Louisiana,22089,St. Charles,29.9626,-90.3676,12057,780.1,shape,false,false,America/Chicago,3,70047,1840013110
Minden,Minden,Louisiana,22119,Webster,32.6187,-93.2762,11789,302.7,shape,false,true,America/Chicago,3,71055 71058,1840014864
Crowley,Crowley,Louisiana,22001,Acadia,30.2175,-92.3752,11726,773.8,shape,false,true,America/Chicago,3,70526 70527,1840015041
Woodmere,Woodmere,Louisiana,22051,Jefferson,29.8493,-90.0751,11661,1233.0,shape,false,false,America/Chicago,3,70058,1840031148
Bayou Blue,Bayou Blue,Louisiana,22057,Lafourche,29.6341,-90.6733,11624,192.8,shape,false,true,America/Chicago,3,70359 70364,1840039382
Moss Bluff,Moss Bluff,Louisiana,22019,Calcasieu,30.3039,-93.2051,11582,293.7,shape,false,false,America/Chicago,3,70611,1840013962
Gardere,Gardere,Louisiana,22033,East Baton Rouge,30.3582,-91.1346,11565,1344.4,shape,false,false,America/Chicago,3,70820 70810,1840013938
Covington,Covington,Louisiana,22103,St. Tammany,30.481,-90.1122,11444,551.0,shape,false,true,America/Chicago,3,70433,1840015019
Morgan City,Morgan City,Louisiana,22101,St. Mary,29.7041,-91.192,11373,733.8,shape,false,true,America/Chicago,3,70380 70381,1840015056
Abbeville,Abbeville,Louisiana,22113,Vermilion,29.9751,-92.1265,11213,716.0,shape,false,true,America/Chicago,3,70510 70511,1840014005
Raceland,Raceland,Louisiana,22057,Lafourche,29.7282,-90.6362,11094,198.6,shape,false,false,America/Chicago,3,70394,1840014027
Timberlane,Timberlane,Louisiana,22051,Jefferson,29.8781,-90.0303,10912,2802.1,shape,false,false,America/Chicago,2,70056,1840031154
Belle Chasse,Belle Chasse,Louisiana,22075,Plaquemines,29.8558,-90.0045,10781,509.6,shape,false,false,America/Chicago,3,70037 70093,1840014028
Waggaman,Waggaman,Louisiana,22051,Jefferson,29.9373,-90.2354,10706,721.1,shape,false,false,America/Chicago,3,70094,1840013991
Bogalusa,Bogalusa,Louisiana,22117,Washington,30.7812,-89.8633,10689,434.2,shape,false,true,America/Chicago,3,70427 70429,1840013905
Carencro,Carencro,Louisiana,22055,Lafayette,30.3126,-92.0388,10194,501.0,shape,false,true,America/Chicago,3,70520 70507,1840015043
Jefferson,Jefferson,Louisiana,22051,Jefferson,29.9609,-90.1554,10141,1446.3,shape,false,false,America/Chicago,3,70121,1840013986
DeRidder,DeRidder,Louisiana,22011,Beauregard,30.8468,-93.2931,9850,409.4,shape,false,true,America/Chicago,3,70634,1840015013
Jennings,Jennings,Louisiana,22053,Jefferson Davis,30.2233,-92.6582,9819,359.0,shape,false,true,America/Chicago,3,70546,1840015040
Bastrop,Bastrop,Louisiana,22067,Morehouse,32.7748,-91.9078,9623,434.1,shape,false,true,America/Chicago,3,71220 71221,1840013793
Eunice,Eunice,Louisiana,22097,St. Landry,30.4904,-92.4191,9440,709.4,shape,false,true,America/Chicago,3,70535,1840013927
Denham Springs,Denham Springs,Louisiana,22063,Livingston,30.4743,-90.9593,9393,495.3,shape,false,true,America/Chicago,3,70726,1840015027
Harahan,Harahan,Louisiana,22051,Jefferson,29.9374,-90.2031,9043,1730.0,shape,false,true,America/Chicago,3,70123,1840013997
Village St. George,Village St. George,Louisiana,22033,East Baton Rouge,30.3598,-91.0672,8919,1542.3,shape,false,false,America/Chicago,3,70810,1840031109
Oak Hills Place,Oak Hills Place,Louisiana,22033,East Baton Rouge,30.369,-91.0887,8813,1093.2,shape,false,false,America/Chicago,3,70810 70884,1840031107
Eden Isle,Eden Isle,Louisiana,22103,St. Tammany,30.2268,-89.8043,8588,1091.9,shape,false,false,America/Chicago,3,70458,1840031150
Merrydale,Merrydale,Louisiana,22033,East Baton Rouge,30.4998,-91.1081,8557,778.6,shape,false,false,America/Chicago,3,70812,1840013940
Westwego,Westwego,Louisiana,22051,Jefferson,29.9058,-90.1434,8466,1049.0,shape,false,true,America/Chicago,3,70094 70096,1840015937
Fort Polk South,Fort Polk South,Louisiana,22115,Vernon,31.0512,-93.2159,8327,523.3,shape,true,true,America/Chicago,3,70656 71459,1840073837
Prien,Prien,Louisiana,22019,Calcasieu,30.1601,-93.2611,8326,603.0,shape,false,false,America/Chicago,3,70605,1840013963
Scott,Scott,Louisiana,22055,Lafayette,30.2398,-92.0948,8271,272.2,shape,false,true,America/Chicago,3,70583 70507 70506,1840015932
Old Jefferson,Old Jefferson,Louisiana,22033,East Baton Rouge,30.3776,-91.006,8162,895.4,shape,false,false,America/Chicago,3,70817,1840031108
Reserve,Reserve,Louisiana,22095,St. John the Baptist,30.0741,-90.5557,8012,212.5,shape,false,false,America/Chicago,3,70068 70084,1840013969
Ponchatoula,Ponchatoula,Louisiana,22105,Tangipahoa,30.4402,-90.4428,7805,638.6,shape,false,true,America/Chicago,3,70454,1840015004
Red Chute,Red Chute,Louisiana,22015,Bossier,32.5732,-93.6059,7577,317.3,shape,false,false,America/Chicago,3,71037,1840013789
Breaux Bridge,Breaux Bridge,Louisiana,22099,St. Martin,30.2829,-91.9043,7544,377.5,shape,false,true,America/Chicago,3,70517,1840013960
St. Rose,St. Rose,Louisiana,22089,St. Charles,29.9649,-90.3088,7469,454.9,shape,false,false,America/Chicago,3,70047 70087,1840013973
Meraux,Meraux,Louisiana,22087,St. Bernard,29.9284,-89.9179,7297,679.2,shape,false,false,America/Chicago,3,70075 70092,1840014003
Rayne,Rayne,Louisiana,22001,Acadia,30.2403,-92.2668,7223,735.4,shape,false,true,America/Chicago,3,70578,1840015042
Lacombe,Lacombe,Louisiana,22103,St. Tammany,30.3141,-89.931,7035,102.7,shape,false,false,America/Chicago,3,70445,1840013942
Bridge City,Bridge City,Louisiana,22051,Jefferson,29.9321,-90.1594,6916,638.8,shape,false,false,America/Chicago,3,70094,1840013989
Donaldsonville,Donaldsonville,Louisiana,22005,Ascension,30.0954,-90.9925,6799,694.9,shape,false,true,America/Chicago,3,70346,1840015045
Addis,Addis,Louisiana,22121,West Baton Rouge,30.3652,-91.2658,6779,622.7,shape,false,true,America/Chicago,3,70710,1840015915
Oakdale,Oakdale,Louisiana,22003,Allen,30.8158,-92.6542,6701,498.3,shape,false,true,America/Chicago,3,71463,1840015012
Galliano,Galliano,Louisiana,22057,Lafourche,29.447,-90.3096,6681,231.5,shape,false,false,America/Chicago,3,70354 70345,1840014023
Franklin,Franklin,Louisiana,22101,St. Mary,29.7851,-91.5098,6666,258.4,shape,false,true,America/Chicago,3,70538,1840014019
St. Gabriel,St. Gabriel,Louisiana,22047,Iberville,30.2536,-91.1013,6526,85.0,shape,false,true,America/Chicago,3,70721 70776 70780,1840015926
Ville Platte,Ville Platte,Louisiana,22039,Evangeline,30.6901,-92.2746,6364,611.7,shape,false,true,America/Chicago,3,70586,1840015896
Walker,Walker,Louisiana,22063,Livingston,30.4851,-90.8654,6359,372.3,shape,false,true,America/Chicago,3,70785,1840017185
Tallulah,Tallulah,Louisiana,22065,Madison,32.4068,-91.1916,6290,872.6,shape,false,true,America/Chicago,3,71282 71284,1840015808
Inniswold,Inniswold,Louisiana,22033,East Baton Rouge,30.3982,-91.071,6236,1075.4,shape,false,false,America/Chicago,3,70809 70826,1840031059
Plaquemine,Plaquemine,Louisiana,22047,Iberville,30.2833,-91.243,6218,821.3,shape,false,true,America/Chicago,3,70764 70765,1840015037
Elmwood,Elmwood,Louisiana,22051,Jefferson,29.9554,-90.1879,6081,622.1,shape,false,false,America/Chicago,3,70121 70123 70001,1840031147
Larose,Larose,Louisiana,22057,Lafourche,29.5669,-90.3751,6069,215.6,shape,false,false,America/Chicago,3,70373,1840014025
Gray,Gray,Louisiana,22109,Terrebonne,29.678,-90.7831,5951,200.2,shape,false,false,America/Chicago,3,70359 70364,1840014030
Patterson,Patterson,Louisiana,22101,St. Mary,29.691,-91.3096,5868,897.7,shape,false,true,America/Chicago,3,70392,1840015057
Leesville,Leesville,Louisiana,22115,Vernon,31.1324,-93.2673,5681,246.1,shape,false,true,America/Chicago,3,71446 71496,1840014974
Chackbay,Chackbay,Louisiana,22057,Lafourche,29.8809,-90.775,5641,78.5,shape,false,false,America/Chicago,3,70301,1840014024
Cut Off,Cut Off,Louisiana,22057,Lafourche,29.5164,-90.3291,5619,148.2,shape,false,false,America/Chicago,3,70345,1840013113
Schriever,Schriever,Louisiana,22109,Terrebonne,29.7333,-90.831,5469,148.1,shape,false,false,America/Chicago,3,70301 70395,1840014033
St. Martinville,St. Martinville,Louisiana,22099,St. Martin,30.1263,-91.8319,5447,663.6,shape,false,true,America/Chicago,3,70582,1840015924
Brownfields,Brownfields,Louisiana,22033,East Baton Rouge,30.5467,-91.1225,5358,499.5,shape,false,false,America/Chicago,3,70811,1840031149
Grambling,Grambling,Louisiana,22061,Lincoln,32.5275,-92.7124,5315,345.6,shape,false,true,America/Chicago,3,71245 71270,1840013807
Marksville,Marksville,Louisiana,22009,Avoyelles,31.1246,-92.0652,5034,403.8,shape,false,true,America/Chicago,3,71351 71350,1840015878
Carlyss,Carlyss,Louisiana,22019,Calcasieu,30.1761,-93.3704,5018,175.1,shape,false,false,America/Chicago,3,70665,1840013961
Port Allen,Port Allen,Louisiana,22121,West Baton Rouge,30.4456,-91.2098,4956,675.0,shape,false,true,America/Chicago,3,70767,1840015026
Avondale,Avondale,Louisiana,22051,Jefferson,29.9072,-90.1933,4870,338.4,shape,false,false,America/Chicago,3,70094,1840013987
Westlake,Westlake,Louisiana,22019,Calcasieu,30.2606,-93.2638,4847,490.2,shape,false,true,America/Chicago,3,70669,1840015928
Winnsboro,Winnsboro,Louisiana,22041,Franklin,32.165,-91.721,4823,465.8,shape,false,true,America/Chicago,3,71295,1840015814
Jeanerette,Jeanerette,Louisiana,22045,Iberia,29.9157,-91.6758,4807,804.1,shape,false,true,America/Chicago,3,70544,1840015054
Swartz,Swartz,Louisiana,22073,Ouachita,32.5809,-91.9869,4803,228.0,shape,false,false,America/Chicago,3,71203,1840013812
Monticello,Monticello,Louisiana,22033,East Baton Rouge,30.4881,-91.0448,4767,769.7,shape,false,false,America/Chicago,3,70814,1840031106
Violet,Violet,Louisiana,22087,St. Bernard,29.8962,-89.892,4748,466.9,shape,false,false,America/Chicago,3,70092,1840014002
Springhill,Springhill,Louisiana,22119,Webster,33.0019,-93.4613,4740,294.6,shape,false,true,America/Chicago,3,71075,1840015771
Berwick,Berwick,Louisiana,22101,St. Mary,29.7013,-91.2377,4717,308.6,shape,false,true,America/Chicago,3,70342,1840015942
Mansfield,Mansfield,Louisiana,22031,De Soto,32.0355,-93.7004,4675,494.2,shape,false,true,America/Chicago,3,71052,1840015821
Jackson,Jackson,Louisiana,22037,East Feliciana,30.8346,-91.208,4600,397.8,shape,false,true,America/Chicago,3,70748,1840017159
New Roads,New Roads,Louisiana,22077,Pointe Coupee,30.6959,-91.4537,4508,379.8,shape,false,true,America/Chicago,3,70760,1840015001
Haughton,Haughton,Louisiana,22015,Bossier,32.5277,-93.5041,4450,300.3,shape,false,true,America/Chicago,3,71037,1840015770
Kaplan,Kaplan,Louisiana,22113,Vermilion,30.006,-92.284,4335,718.8,shape,false,true,America/Chicago,3,70548,1840015050
Arabi,Arabi,Louisiana,22087,St. Bernard,29.9562,-89.9986,4296,945.2,shape,false,false,America/Chicago,3,70032,1840014000
Eastwood,Eastwood,Louisiana,22015,Bossier,32.5607,-93.5625,4229,257.2,shape,false,false,America/Chicago,3,71037 71067,1840013100
Brownsville,Brownsville,Louisiana,22073,Ouachita,32.4883,-92.1619,4198,466.5,shape,false,false,America/Chicago,3,71292,1840025900
Church Point,Church Point,Louisiana,22001,Acadia,30.4037,-92.2145,4182,557.9,shape,false,true,America/Chicago,3,70525,1840017200
Jonesboro,Jonesboro,Louisiana,22049,Jackson,32.2348,-92.7098,4135,329.4,shape,false,true,America/Chicago,3,71251,1840017001
Winnfield,Winnfield,Louisiana,22127,Winn,31.924,-92.6425,4124,437.2,shape,false,true,America/Chicago,3,71483,1840015837
Jena,Jena,Louisiana,22059,LaSalle,31.6914,-92.1298,4099,287.9,shape,false,true,America/Chicago,3,71342,1840017057
Amite City,Amite City,Louisiana,22105,Tangipahoa,30.7323,-90.5133,4033,401.6,shape,false,true,America/Chicago,3,70422,1840036149
Vidalia,Vidalia,Louisiana,22029,Concordia,31.5668,-91.4404,3994,594.4,shape,false,true,America/Chicago,3,71373,1840017076
Bayou Vista,Bayou Vista,Louisiana,22101,St. Mary,29.6912,-91.2672,3953,847.2,shape,false,false,America/Chicago,3,70380,1840014017
Ball,Ball,Louisiana,22079,Rapides,31.4188,-92.4084,3926,190.6,shape,false,true,America/Chicago,3,71405,1840015868
Richwood,Richwood,Louisiana,22073,Ouachita,32.4485,-92.0773,3847,590.4,shape,false,true,America/Chicago,3,71202,1840018087
Hahnville,Hahnville,Louisiana,22089,St. Charles,29.9641,-90.4141,3795,263.6,shape,false,false,America/Chicago,3,70057,1840013974
Franklinton,Franklinton,Louisiana,22117,Washington,30.848,-90.1459,3638,321.4,shape,false,true,America/Chicago,3,70438,1840017147
Lake Providence,Lake Providence,Louisiana,22035,East Carroll,32.8132,-91.1825,3542,380.4,shape,false,true,America/Chicago,3,71254,1840016945
Blanchard,Blanchard,Louisiana,22017,Caddo,32.6027,-93.8832,3471,386.6,shape,false,true,America/Chicago,3,71009 71107,1840015767
Farmerville,Farmerville,Louisiana,22111,Union,32.7752,-92.4013,3371,225.2,shape,false,true,America/Chicago,3,71241,1840016939
Bunkie,Bunkie,Louisiana,22009,Avoyelles,30.954,-92.1884,3362,429.5,shape,false,true,America/Chicago,3,71322,1840013880
Rayville,Rayville,Louisiana,22083,Richland,32.4707,-91.7576,3343,558.8,shape,false,true,America/Chicago,3,71269,1840018088
Welsh,Welsh,Louisiana,22053,Jefferson Davis,30.2355,-92.8135,3336,203.7,shape,false,true,America/Chicago,3,70591,1840017198
Vinton,Vinton,Louisiana,22019,Calcasieu,30.1957,-93.5818,3314,251.1,shape,false,true,America/Chicago,3,70668,1840017195
Iowa,Iowa,Louisiana,22019,Calcasieu,30.2393,-93.013,3297,374.8,shape,false,true,America/Chicago,3,70647,1840017194
Ferriday,Ferriday,Louisiana,22029,Concordia,31.6343,-91.5562,3192,756.4,shape,false,true,America/Chicago,3,71334,1840017075
Greenwood,Greenwood,Louisiana,22017,Caddo,32.4359,-93.9643,3149,135.2,shape,false,true,America/Chicago,3,71033,1840016931
Lutcher,Lutcher,Louisiana,22093,St. James,30.0646,-90.7124,3114,356.7,shape,false,true,America/Chicago,3,70071 70763,1840017208
Lakeshore,Lakeshore,Louisiana,22073,Ouachita,32.535,-92.0328,3114,1416.4,shape,false,false,America/Chicago,3,71203,1840031019
Vivian,Vivian,Louisiana,22017,Caddo,32.8711,-93.9862,3086,216.0,shape,false,true,America/Chicago,3,71082,1840016932
South Vacherie,South Vacherie,Louisiana,22093,St. James,29.9406,-90.6893,3075,233.6,shape,false,false,America/Chicago,3,70090,1840031153
Natalbany,Natalbany,Louisiana,22105,Tangipahoa,30.5486,-90.4848,3074,268.2,shape,false,false,America/Chicago,3,70466 70451 70401,1840013907
DeQuincy,DeQuincy,Louisiana,22019,Calcasieu,30.449,-93.4456,3058,369.8,shape,false,true,America/Chicago,3,70633,1840015038
Sunset,Sunset,Louisiana,22097,St. Landry,30.4083,-92.0644,3006,359.7,shape,false,true,America/Chicago,3,70584,1840017174
Gramercy,Gramercy,Louisiana,22093,St. James,30.061,-90.6929,2920,560.2,shape,false,true,America/Chicago,3,70052,1840017209
Mamou,Mamou,Louisiana,22039,Evangeline,30.6349,-92.4179,2918,799.4,shape,false,true,America/Chicago,3,70554,1840017148
Westminster,Westminster,Louisiana,22033,East Baton Rouge,30.408,-91.0906,2907,1094.5,shape,false,false,America/Chicago,3,70809,1840031110
New Orleans Station,New Orleans Station,Louisiana,22075,Plaquemines,29.8314,-90.0211,2900,215.4,shape,true,false,America/Chicago,3,70037 70143,1840153108
Norco,Norco,Louisiana,22089,St. Charles,29.9986,-90.4036,2848,318.8,shape,false,false,America/Chicago,3,70079 70047 70078,1840013983
Lockport,Lockport,Louisiana,22057,Lafourche,29.6443,-90.5324,2761,941.1,shape,false,true,America/Chicago,3,70374,1840017216
Erwinville,Erwinville,Louisiana,22121,West Baton Rouge,30.541,-91.3885,2759,111.9,shape,false,false,America/Chicago,3,70767,1840026009
Homer,Homer,Louisiana,22027,Claiborne,32.793,-93.0582,2739,227.3,shape,false,true,America/Chicago,3,71040,1840016937
Arcadia,Arcadia,Louisiana,22013,Bienville,32.5506,-92.9218,2725,288.6,shape,false,true,America/Chicago,3,71001,1840015805
Bawcomville,Bawcomville,Louisiana,22073,Ouachita,32.4702,-92.1736,2654,323.5,shape,false,false,America/Chicago,3,71292,1840025899
Abita Springs,Abita Springs,Louisiana,22103,St. Tammany,30.4761,-90.0293,2639,222.1,shape,false,true,America/Chicago,3,70420,1840015910
Delhi,Delhi,Louisiana,22083,Richland,32.4529,-91.49,2630,353.6,shape,false,true,America/Chicago,3,71232,1840016977
Lake Arthur,Lake Arthur,Louisiana,22053,Jefferson Davis,30.0795,-92.6773,2617,545.0,shape,false,true,America/Chicago,3,70549,1840017196
Brusly,Brusly,Louisiana,22121,West Baton Rouge,30.3943,-91.2517,2585,451.0,shape,false,true,America/Chicago,3,70719,1840015916
Pearl River,Pearl River,Louisiana,22103,St. Tammany,30.3688,-89.7495,2584,267.2,shape,false,true,America/Chicago,3,70452,1840017182
Many,Many,Louisiana,22085,Sabine,31.566,-93.4773,2566,290.8,shape,false,true,America/Chicago,3,71449,1840017063
Ossun,Ossun,Louisiana,22055,Lafayette,30.2834,-92.107,2545,289.5,shape,false,false,America/Chicago,3,70520 70583 70507,1840025124
Grand Point,Grand Point,Louisiana,22093,St. James,30.0451,-90.7488,2533,227.8,shape,false,false,America/Chicago,3,70763,1840025127
Jean Lafitte,Jean Lafitte,Louisiana,22051,Jefferson,29.7495,-90.1036,2517,166.1,shape,false,true,America/Chicago,3,70067,1840017204
Poydras,Poydras,Louisiana,22087,St. Bernard,29.8626,-89.8877,2513,248.3,shape,false,false,America/Chicago,3,70040 70085,1840014004
Chauvin,Chauvin,Louisiana,22109,Terrebonne,29.4455,-90.5939,2511,203.6,shape,false,false,America/Chicago,3,70344,1840014032
Milton,Milton,Louisiana,22055,Lafayette,30.1123,-92.071,2459,204.3,shape,false,false,America/Chicago,3,70592 70508 70558,1840025123
Pierre Part,Pierre Part,Louisiana,22007,Assumption,29.9555,-91.2073,2447,307.5,shape,false,false,America/Chicago,3,70339,1840014012
Delcambre,Delcambre,Louisiana,22113,Vermilion,29.9516,-91.9916,2422,817.2,shape,false,true,America/Chicago,3,70528 70533,1840017210
Woodworth,Woodworth,Louisiana,22079,Rapides,31.1656,-92.5098,2406,104.6,shape,false,true,America/Chicago,3,71485,1840017102
White Castle,White Castle,Louisiana,22047,Iberville,30.1611,-91.1495,2394,1261.2,shape,false,true,America/Chicago,3,70788,1840017193
Benton,Benton,Louisiana,22015,Bossier,32.6907,-93.7401,2386,366.2,shape,false,true,America/Chicago,3,71006,1840015769
Basile,Basile,Louisiana,22039,Evangeline,30.4855,-92.6009,2353,783.0,shape,false,true,America/Chicago,3,70515,1840015895
Lafourche Crossing,Lafourche Crossing,Louisiana,22057,Lafourche,29.7675,-90.7697,2347,215.2,shape,false,true,America/Chicago,3,70301,1840039417
Des Allemands,Des Allemands,Louisiana,22089,St. Charles,29.8162,-90.4746,2340,90.8,shape,false,false,America/Chicago,3,70030,1840013109
Stonewall,Stonewall,Louisiana,22031,De Soto,32.2716,-93.8099,2334,104.9,shape,false,true,America/Chicago,3,71078,1840017014
New Llano,New Llano,Louisiana,22115,Vernon,31.097,-93.2767,2290,330.7,shape,false,true,America/Chicago,3,71446 71461,1840017111
Haynesville,Haynesville,Louisiana,22027,Claiborne,32.9667,-93.1376,2287,182.9,shape,false,true,America/Chicago,3,71038,1840015772
Boutte,Boutte,Louisiana,22089,St. Charles,29.8825,-90.3935,2274,63.7,shape,false,false,America/Chicago,3,70080 70039 70030,1840013977
Independence,Independence,Louisiana,22105,Tangipahoa,30.6361,-90.5056,2258,361.6,shape,false,true,America/Chicago,3,70443,1840017153
Erath,Erath,Louisiana,22113,Vermilion,29.9586,-92.0371,2231,490.3,shape,false,true,America/Chicago,3,70533,1840017211
Maurice,Maurice,Louisiana,22113,Vermilion,30.1042,-92.1211,2215,307.1,shape,false,true,America/Chicago,3,70555,1840018255
Port Barre,Port Barre,Louisiana,22097,St. Landry,30.5565,-91.9565,2181,781.4,shape,false,true,America/Chicago,3,70577,1840017176
Presquille,Presquille,Louisiana,22109,Terrebonne,29.5586,-90.6385,2136,1053.7,shape,false,false,America/Chicago,3,70343 70363,1840025141
Garyville,Garyville,Louisiana,22095,St. John the Baptist,30.0688,-90.6285,2108,57.0,shape,false,false,America/Chicago,3,70076 70084 70051,1840013966
Sterlington,Sterlington,Louisiana,22073,Ouachita,32.6888,-92.0603,2093,285.3,shape,false,true,America/Chicago,3,71280 71211,1840016971
Fort Polk North,Fort Polk North,Louisiana,22115,Vernon,31.1031,-93.1793,2075,95.6,shape,true,true,America/Chicago,4,71459 71446,1840073836
Montz,Montz,Louisiana,22089,St. Charles,30.0168,-90.4634,2074,370.7,shape,false,false,America/Chicago,3,70068,1840013981
Baldwin,Baldwin,Louisiana,22101,St. Mary,29.8389,-91.5522,2065,247.8,shape,false,true,America/Chicago,3,70514 70538,1840015941
Coushatta,Coushatta,Louisiana,22081,Red River,32.0256,-93.3406,2053,237.3,shape,false,true,America/Chicago,3,71019,1840017029
Golden Meadow,Golden Meadow,Louisiana,22057,Lafourche,29.3876,-90.2739,2053,324.0,shape,false,true,America/Chicago,3,70357,1840017217
Paulina,Paulina,Louisiana,22093,St. James,30.0351,-90.7226,2051,171.5,shape,false,false,America/Chicago,3,70763,1840025128
Bayou L'Ourse,Bayou L'Ourse,Louisiana,22007,Assumption,29.7174,-91.0607,2039,289.0,shape,false,true,America/Chicago,3,70380,1840039400
Belle Rose,Belle Rose,Louisiana,22007,Assumption,30.0422,-91.0497,2030,146.1,shape,false,false,America/Chicago,3,70346 70341,1840014008
Bourg,Bourg,Louisiana,22109,Terrebonne,29.557,-90.6064,2010,137.5,shape,false,false,America/Chicago,3,70343,1840025140
Livingston,Livingston,Louisiana,22063,Livingston,30.4953,-90.7467,2008,240.6,shape,false,true,America/Chicago,3,70754,1840017184
Amelia,Amelia,Louisiana,22101,St. Mary,29.6645,-91.1072,2000,306.3,shape,false,false,America/Chicago,3,70380 70340,1840014016
Logansport,Logansport,Louisiana,22031,De Soto,31.9763,-93.9933,1972,224.2,shape,false,true,America/Chicago,3,71049,1840017013
Cade,Cade,Louisiana,22099,St. Martin,30.0926,-91.8996,1960,112.7,shape,false,false,America/Chicago,3,70518 70519 70582,1840025122
Kinder,Kinder,Louisiana,22003,Allen,30.4835,-92.8508,1934,135.2,shape,false,true,America/Chicago,3,70648,1840017166
Kentwood,Kentwood,Louisiana,22105,Tangipahoa,30.9339,-90.5153,1932,104.9,shape,false,true,America/Chicago,3,70444,1840017154
Sorrento,Sorrento,Louisiana,22005,Ascension,30.1828,-90.8674,1919,203.3,shape,false,true,America/Chicago,3,70778 70737,1840018244
Zwolle,Zwolle,Louisiana,22085,Sabine,31.6398,-93.6412,1860,157.4,shape,false,true,America/Chicago,3,71486,1840017064
Rosepine,Rosepine,Louisiana,22115,Vernon,30.9208,-93.2857,1740,276.9,shape,false,true,America/Chicago,3,70659 70634,1840018184
North Vacherie,North Vacherie,Louisiana,22093,St. James,30.0048,-90.7109,1740,119.6,shape,false,false,America/Chicago,3,70090,1840031151
Cottonport,Cottonport,Louisiana,22009,Avoyelles,30.9892,-92.0509,1734,333.9,shape,false,true,America/Chicago,3,71327,1840017120
St. Francisville,St. Francisville,Louisiana,22125,West Feliciana,30.7852,-91.3788,1724,364.6,shape,false,true,America/Chicago,3,70775,1840018200
Ringgold,Ringgold,Louisiana,22013,Bienville,32.3261,-93.2836,1686,281.2,shape,false,true,America/Chicago,3,71068,1840018094
Henderson,Henderson,Louisiana,22099,St. Martin,30.3184,-91.8065,1677,216.7,shape,false,true,America/Chicago,3,70517,1840015925
Oberlin,Oberlin,Louisiana,22003,Allen,30.6069,-92.7724,1676,147.7,shape,false,true,America/Chicago,3,70655 70648,1840017168
Vienna Bend,Vienna Bend,Louisiana,22069,Natchitoches,31.7372,-93.0343,1666,298.1,shape,false,false,America/Chicago,3,71457,1840031021
Colfax,Colfax,Louisiana,22043,Grant,31.5208,-92.7001,1632,422.6,shape,false,true,America/Chicago,3,71417,1840017069
Port Sulphur,Port Sulphur,Louisiana,22075,Plaquemines,29.5046,-89.7206,1593,113.7,shape,false,false,America/Chicago,3,70083,1840014029
Glenmora,Glenmora,Louisiana,22079,Rapides,30.9733,-92.5824,1574,351.3,shape,false,true,America/Chicago,3,71433,1840017101
Clinton,Clinton,Louisiana,22037,East Feliciana,30.8613,-91.015,1550,218.4,shape,false,true,America/Chicago,3,70722,1840017160
Labadieville,Labadieville,Louisiana,22007,Assumption,29.8246,-90.9525,1546,153.5,shape,false,false,America/Chicago,3,70301 70372,1840014010
Oak Grove,Oak Grove,Louisiana,22123,West Carroll,32.8619,-91.3911,1531,344.0,shape,false,true,America/Chicago,3,71263,1840016944
Arnaudville,Arnaudville,Louisiana,22097,St. Landry,30.4023,-91.932,1522,847.0,shape,false,true,America/Chicago,3,70512,1840015905
Iota,Iota,Louisiana,22001,Acadia,30.326,-92.4956,1518,461.5,shape,false,true,America/Chicago,3,70543,1840017199
Wallace,Wallace,Louisiana,22095,St. John the Baptist,30.0303,-90.6569,1485,88.8,shape,false,false,America/Chicago,3,70090,1840013967
Banks Springs,Banks Springs,Louisiana,22021,Caldwell,32.0764,-92.085,1485,182.9,shape,false,false,America/Chicago,3,71418,1840025921
Bayou Gauche,Bayou Gauche,Louisiana,22089,St. Charles,29.8081,-90.421,1480,44.5,shape,false,false,America/Chicago,3,70030,1840013976
Lockport Heights,Lockport Heights,Louisiana,22057,Lafourche,29.6564,-90.5486,1473,435.2,shape,false,false,America/Chicago,3,70374 70394,1840025137
Watson,Watson,Louisiana,22063,Livingston,30.5749,-90.9508,1445,581.7,shape,false,false,America/Chicago,3,70786 70706,1840026010
Leonville,Leonville,Louisiana,22097,St. Landry,30.4661,-91.9811,1442,204.3,shape,false,true,America/Chicago,3,70512 70570 70551,1840017171
Duson,Duson,Louisiana,22055,Lafayette,30.2365,-92.193,1441,185.0,shape,false,true,America/Chicago,3,70529,1840017201
Mathews,Mathews,Louisiana,22057,Lafourche,29.6821,-90.5559,1435,139.2,shape,false,false,America/Chicago,3,70394,1840014026
Pine Prairie,Pine Prairie,Louisiana,22039,Evangeline,30.7818,-92.4223,1414,338.5,shape,false,true,America/Chicago,3,70576 70586,1840018205
Minorca,Minorca,Louisiana,22029,Concordia,31.5725,-91.4884,1398,120.8,shape,false,false,America/Chicago,3,71373,1840025947
Choudrant,Choudrant,Louisiana,22061,Lincoln,32.5503,-92.5121,1395,127.3,shape,false,true,America/Chicago,3,71227,1840018084
Ama,Ama,Louisiana,22089,St. Charles,29.944,-90.2967,1392,153.5,shape,false,false,America/Chicago,3,70031,1840013975
Mansura,Mansura,Louisiana,22009,Avoyelles,31.0673,-92.0528,1376,186.1,shape,false,true,America/Chicago,3,71350,1840017119
Cecilia,Cecilia,Louisiana,22099,St. Martin,30.3368,-91.8476,1375,250.6,shape,false,false,America/Chicago,3,70512 70517 70521,1840013959
Montegut,Montegut,Louisiana,22109,Terrebonne,29.4656,-90.5617,1347,123.6,shape,false,false,America/Chicago,3,70377,1840014034
Killian,Killian,Louisiana,22063,Livingston,30.353,-90.5795,1345,47.7,shape,false,true,America/Chicago,3,70462,1840018229
Paincourtville,Paincourtville,Louisiana,22007,Assumption,29.9886,-91.0554,1329,295.1,shape,false,false,America/Chicago,3,70390 70391,1840014011
Olla,Olla,Louisiana,22059,LaSalle,31.8981,-92.2404,1329,130.5,shape,false,true,America/Chicago,3,71465,1840017060
Boyce,Boyce,Louisiana,22079,Rapides,31.3907,-92.67,1324,1112.2,shape,false,true,America/Chicago,3,71409,1840015869
Sibley,Sibley,Louisiana,22119,Webster,32.5422,-93.2947,1323,131.5,shape,false,true,America/Chicago,3,71073,1840018061
Simmesport,Simmesport,Louisiana,22009,Avoyelles,30.9806,-91.8143,1308,231.2,shape,false,true,America/Chicago,3,71369,1840018188
Livonia,Livonia,Louisiana,22077,Pointe Coupee,30.5623,-91.5501,1290,263.0,shape,false,true,America/Chicago,3,70757 70755,1840017145
Elton,Elton,Louisiana,22053,Jefferson Davis,30.4813,-92.6976,1284,298.5,shape,false,true,America/Chicago,3,70532,1840017197
Bayou Country Club,Bayou Country Club,Louisiana,22057,Lafourche,29.7796,-90.7892,1271,630.4,shape,false,true,America/Chicago,3,70301,1840039396
Jonesville,Jonesville,Louisiana,22025,Catahoula,31.6238,-91.83,1252,251.8,shape,false,true,America/Chicago,3,71343,1840017052
Roseland,Roseland,Louisiana,22105,Tangipahoa,30.7646,-90.5114,1237,230.1,shape,false,true,America/Chicago,3,70456,1840018208
Ventress,Ventress,Louisiana,22077,Pointe Coupee,30.6825,-91.4248,1230,234.2,shape,false,false,America/Chicago,3,70783,1840025990
Gueydan,Gueydan,Louisiana,22113,Vermilion,30.0291,-92.5071,1220,517.4,shape,false,true,America/Chicago,3,70542,1840017212
Urania,Urania,Louisiana,22059,LaSalle,31.8639,-92.2913,1219,343.3,shape,false,true,America/Chicago,3,71480,1840017059
Bernice,Bernice,Louisiana,22111,Union,32.8276,-92.6584,1206,143.8,shape,false,true,America/Chicago,3,71222,1840015773
Rosedale,Rosedale,Louisiana,22047,Iberville,30.4429,-91.4601,1205,59.8,shape,false,true,America/Chicago,3,70757 70772,1840018238
Perry,Perry,Louisiana,22113,Vermilion,29.9521,-92.154,1201,265.5,shape,false,false,America/Chicago,3,70510 70575,1840031076
Edgard,Edgard,Louisiana,22095,St. John the Baptist,30.0362,-90.546,1154,39.1,shape,false,false,America/Chicago,3,70049,1840013107
Fifth Ward,Fifth Ward,Louisiana,22009,Avoyelles,31.1207,-92.1584,1147,85.2,shape,false,false,America/Chicago,3,71351,1840025977
Albany,Albany,Louisiana,22063,Livingston,30.4993,-90.5839,1140,328.5,shape,false,true,America/Chicago,3,70711,1840018227
New Sarpy,New Sarpy,Louisiana,22089,St. Charles,29.9809,-90.3832,1140,387.7,shape,false,false,America/Chicago,3,70047,1840013982
Kraemer,Kraemer,Louisiana,22057,Lafourche,29.8606,-90.6337,1128,83.0,shape,false,false,America/Chicago,3,70301 70371,1840025136
Morse,Morse,Louisiana,22001,Acadia,30.1221,-92.4985,1111,306.2,shape,false,true,America/Chicago,3,70559,1840018242
Greensburg,Greensburg,Louisiana,22091,St. Helena,30.83,-90.6698,1096,168.0,shape,false,true,America/Chicago,3,70441,1840017157
Oil City,Oil City,Louisiana,22017,Caddo,32.7454,-93.9758,1093,224.2,shape,false,true,America/Chicago,3,71061,1840016933
Deville,Deville,Louisiana,22079,Rapides,31.3398,-92.1389,1083,31.8,shape,false,false,America/Chicago,3,71328,1840013103
Anacoco,Anacoco,Louisiana,22115,Vernon,31.2545,-93.344,1066,133.5,shape,false,true,America/Chicago,3,71403,1840018185
Fordoche,Fordoche,Louisiana,22077,Pointe Coupee,30.594,-91.6179,1060,168.2,shape,false,true,America/Chicago,3,70732,1840017146
Slaughter,Slaughter,Louisiana,22037,East Feliciana,30.7219,-91.1393,1055,74.5,shape,false,true,America/Chicago,3,70777,1840018213
Charenton,Charenton,Louisiana,22101,St. Mary,29.8685,-91.5388,1051,81.7,shape,false,false,America/Chicago,3,70544 70514 70523,1840014018
Catahoula,Catahoula,Louisiana,22099,St. Martin,30.2126,-91.7126,1042,131.4,shape,false,false,America/Chicago,3,70582,1840026015
Dubach,Dubach,Louisiana,22061,Lincoln,32.702,-92.6575,1026,218.0,shape,false,true,America/Chicago,3,71235,1840016967
Empire,Empire,Louisiana,22075,Plaquemines,29.4133,-89.6052,999,73.9,shape,false,false,America/Chicago,3,70041 70050,1840013114
Lawtell,Lawtell,Louisiana,22097,St. Landry,30.5126,-92.1832,997,92.8,shape,false,false,America/Chicago,3,70570 70550,1840026001
Hackberry,Hackberry,Louisiana,22023,Cameron,29.9717,-93.3947,988,13.6,shape,false,false,America/Chicago,3,70645,1840014013
Madisonville,Madisonville,Louisiana,22103,St. Tammany,30.4003,-90.1653,981,149.9,shape,false,true,America/Chicago,3,70447,1840017181
French Settlement,French Settlement,Louisiana,22063,Livingston,30.3156,-90.8031,981,138.9,shape,false,true,America/Chicago,3,70733,1840018228
Lydia,Lydia,Louisiana,22045,Iberia,29.9263,-91.7813,976,221.5,shape,false,false,America/Chicago,3,70560 70569,1840014007
Campti,Campti,Louisiana,22069,Natchitoches,31.898,-93.1158,961,356.2,shape,false,true,America/Chicago,3,71411,1840015838
Crescent,Crescent,Louisiana,22047,Iberville,30.2406,-91.2864,946,219.3,shape,false,false,America/Chicago,3,70764,1840026017
Start,Start,Louisiana,22083,Richland,32.4902,-91.865,924,101.4,shape,false,false,America/Chicago,3,71264 71269 71279,1840025902
Buras,Buras,Louisiana,22075,Plaquemines,29.3528,-89.5247,921,154.8,shape,false,false,America/Chicago,3,70041,1840027026
Merryville,Merryville,Louisiana,22011,Beauregard,30.7571,-93.5246,918,36.2,shape,false,true,America/Chicago,3,70653,1840017169
Krotz Springs,Krotz Springs,Louisiana,22097,St. Landry,30.5323,-91.7518,915,204.5,shape,false,true,America/Chicago,3,70750 71353,1840017170
Loreauville,Loreauville,Louisiana,22045,Iberia,30.0602,-91.7378,915,792.7,shape,false,true,America/Chicago,3,70552,1840018258
Grand Isle,Grand Isle,Louisiana,22051,Jefferson,29.2135,-90.0308,903,54.4,shape,false,true,America/Chicago,3,70358,1840017205
Newellton,Newellton,Louisiana,22107,Tensas,32.0724,-91.2392,896,455.7,shape,false,true,America/Chicago,3,71357,1840017028
Wisner,Wisner,Louisiana,22041,Franklin,31.9805,-91.6551,886,429.6,shape,false,true,America/Chicago,3,71378,1840017010
Montgomery,Montgomery,Louisiana,22043,Grant,31.6677,-92.8877,876,163.7,shape,false,true,America/Chicago,3,71454,1840017068
Gillis,Gillis,Louisiana,22019,Calcasieu,30.3769,-93.1999,860,199.1,shape,false,false,America/Chicago,3,70611,1840026020
Tickfaw,Tickfaw,Louisiana,22105,Tangipahoa,30.5769,-90.4871,857,204.5,shape,false,true,America/Chicago,3,70466,1840018210
Ridgecrest,Ridgecrest,Louisiana,22029,Concordia,31.6018,-91.5304,855,768.2,shape,false,true,America/Chicago,3,71334,1840018169
Plain Dealing,Plain Dealing,Louisiana,22015,Bossier,32.9074,-93.6991,853,208.6,shape,false,true,America/Chicago,3,71064,1840016934
Moreauville,Moreauville,Louisiana,22009,Avoyelles,31.0342,-91.9818,850,108.4,shape,false,true,America/Chicago,3,71355,1840018190
Dulac,Dulac,Louisiana,22109,Terrebonne,29.3864,-90.7081,844,20.4,shape,false,false,America/Chicago,3,70353 70363,1840013116
Lakeview,Lakeview,Louisiana,22017,Caddo,32.5239,-93.8297,837,391.9,shape,false,false,America/Chicago,3,71107,1840025883
Egan,Egan,Louisiana,22001,Acadia,30.246,-92.5135,833,66.3,shape,false,false,America/Chicago,3,70531,1840026026
Welcome,Welcome,Louisiana,22093,St. James,30.0474,-90.8823,832,70.8,shape,false,false,America/Chicago,3,70086,1840025132
Grand Coteau,Grand Coteau,Louisiana,22097,St. Landry,30.4202,-92.0438,831,132.4,shape,false,true,America/Chicago,3,70541,1840017173
Washington,Washington,Louisiana,22097,St. Landry,30.615,-92.0594,819,382.2,shape,false,true,America/Chicago,3,70589,1840017175
Mer Rouge,Mer Rouge,Louisiana,22067,Morehouse,32.7767,-91.7949,812,267.4,shape,false,true,America/Chicago,3,71261,1840018075
Center Point,Center Point,Louisiana,22009,Avoyelles,31.2524,-92.2099,807,65.9,shape,false,false,America/Chicago,3,71323,1840025976
Parks,Parks,Louisiana,22099,St. Martin,30.2172,-91.8271,798,364.6,shape,false,true,America/Chicago,3,70582,1840018236
Chatham,Chatham,Louisiana,22049,Jackson,32.3096,-92.4522,783,306.0,shape,false,true,America/Chicago,3,71226,1840017002
Simsboro,Simsboro,Louisiana,22061,Lincoln,32.5323,-92.7839,780,86.5,shape,false,true,America/Chicago,3,71275,1840018085
St. Joseph,St. Joseph,Louisiana,22107,Tensas,31.9203,-91.24,776,336.5,shape,false,true,America/Chicago,3,71366,1840018126
Barataria,Barataria,Louisiana,22051,Jefferson,29.7092,-90.1217,772,69.6,shape,false,false,America/Chicago,3,70036,1840013988
Sarepta,Sarepta,Louisiana,22119,Webster,32.8963,-93.4517,755,178.5,shape,false,true,America/Chicago,3,71071,1840018060
Midway,Midway,Louisiana,22059,LaSalle,31.6788,-92.1493,749,95.4,shape,false,false,America/Chicago,3,71342,1840013852
Wallace Ridge,Wallace Ridge,Louisiana,22025,Catahoula,31.6849,-91.8321,747,41.2,shape,false,false,America/Chicago,3,71343,1840025934
Cullen,Cullen,Louisiana,22119,Webster,32.9699,-93.4464,742,248.5,shape,false,true,America/Chicago,3,71021 71075,1840016936
Estherwood,Estherwood,Louisiana,22001,Acadia,30.1816,-92.4633,737,152.7,shape,false,true,America/Chicago,3,70534,1840018240
Oretta,Oretta,Louisiana,22011,Beauregard,30.5289,-93.4391,734,128.9,shape,false,false,America/Chicago,3,70660,1840025998
Melville,Melville,Louisiana,22097,St. Landry,30.6917,-91.7485,729,224.2,shape,false,true,America/Chicago,3,71353,1840017172
Wilson,Wilson,Louisiana,22037,East Feliciana,30.9236,-91.109,715,101.8,shape,false,true,America/Chicago,3,70789,1840018215
Cotton Valley,Cotton Valley,Louisiana,22119,Webster,32.8135,-93.4228,713,104.6,shape,false,true,America/Chicago,3,71018,1840016935
Hester,Hester,Louisiana,22093,St. James,30.0277,-90.771,706,78.8,shape,false,true,America/Chicago,4,70743 70763 70792,1840039401
Folsom,Folsom,Louisiana,22103,St. Tammany,30.631,-90.1941,705,142.6,shape,false,true,America/Chicago,3,70437,1840018223
Lecompte,Lecompte,Louisiana,22079,Rapides,31.0881,-92.4,705,256.0,shape,false,true,America/Chicago,3,71346,1840017099
Doyline,Doyline,Louisiana,22119,Webster,32.525,-93.4118,699,81.1,shape,false,true,America/Chicago,3,71023,1840018063
Maringouin,Maringouin,Louisiana,22047,Iberville,30.4907,-91.5185,694,363.0,shape,false,true,America/Chicago,3,70757,1840017192
Forest Hill,Forest Hill,Louisiana,22079,Rapides,31.047,-92.5258,690,70.9,shape,false,true,America/Chicago,3,71430,1840018179
Cheneyville,Cheneyville,Louisiana,22079,Rapides,31.011,-92.29,679,258.0,shape,false,true,America/Chicago,3,71325,1840017100
Hornbeck,Hornbeck,Louisiana,22115,Vernon,31.3266,-93.396,674,226.1,shape,false,true,America/Chicago,3,71439,1840017110
Gibsland,Gibsland,Louisiana,22013,Bienville,32.5395,-93.0541,670,98.3,shape,false,true,America/Chicago,3,71028,1840016985
Florien,Florien,Louisiana,22085,Sabine,31.448,-93.4583,665,115.0,shape,false,true,America/Chicago,3,71429,1840018159
Lemannville,Lemannville,Louisiana,22005,Ascension,30.1028,-90.9239,662,252.4,shape,false,false,America/Chicago,3,70346 70086,1840026028
Mangham,Mangham,Louisiana,22083,Richland,32.3094,-91.7794,657,228.2,shape,false,true,America/Chicago,3,71259,1840016976
Paradis,Paradis,Louisiana,22089,St. Charles,29.868,-90.4397,651,39.1,shape,false,false,America/Chicago,3,70080,1840013984
Choctaw,Choctaw,Louisiana,22057,Lafourche,29.8457,-90.7238,647,40.0,shape,false,false,America/Chicago,3,70301,1840031100
Mermentau,Mermentau,Louisiana,22001,Acadia,30.1874,-92.584,644,116.7,shape,false,true,America/Chicago,3,70556 70559,1840018241
Tangipahoa,Tangipahoa,Louisiana,22105,Tangipahoa,30.8758,-90.5138,638,245.2,shape,false,true,America/Chicago,3,70465,1840018209
Grayson,Grayson,Louisiana,22021,Caldwell,32.0492,-92.1116,633,191.9,shape,false,true,America/Chicago,3,71435,1840018125
Hessmer,Hessmer,Louisiana,22009,Avoyelles,31.0534,-92.1214,626,292.4,shape,false,true,America/Chicago,3,71341 71350,1840018189
St. James,St. James,Louisiana,22093,St. James,30.0185,-90.8513,622,28.6,shape,false,false,America/Chicago,3,70086,1840025130
Centerville,Centerville,Louisiana,22101,St. Mary,29.7558,-91.428,621,254.4,shape,false,false,America/Chicago,3,70522 70538,1840147251
Point Place,Point Place,Louisiana,22069,Natchitoches,31.6882,-93.0245,613,242.8,shape,false,false,America/Chicago,3,71457,1840031020
Marion,Marion,Louisiana,22111,Union,32.8997,-92.2405,612,73.6,shape,false,true,America/Chicago,3,71260,1840016938
Hodge,Hodge,Louisiana,22049,Jackson,32.272,-92.7304,610,243.7,shape,false,true,America/Chicago,3,71247 71251,1840018113
Martin,Martin,Louisiana,22081,Red River,32.0982,-93.2193,610,20.4,shape,false,true,America/Chicago,3,71019,1840018129
Clarks,Clarks,Louisiana,22021,Caldwell,32.0288,-92.1408,609,245.0,shape,false,true,America/Chicago,3,71415 71435,1840018124
Waterproof,Waterproof,Louisiana,22107,Tensas,31.8073,-91.3861,604,334.6,shape,false,true,America/Chicago,3,71375,1840017027
Supreme,Supreme,Louisiana,22007,Assumption,29.8604,-90.9955,597,68.1,shape,false,false,America/Chicago,3,70390,1840014009
Mooringsport,Mooringsport,Louisiana,22017,Caddo,32.6824,-93.9605,596,178.6,shape,false,true,America/Chicago,3,71060,1840016930
Pleasant Hill,Pleasant Hill,Louisiana,22085,Sabine,31.8154,-93.5164,594,142.0,shape,false,true,America/Chicago,3,71065,1840018161
Vienna,Vienna,Louisiana,22061,Lincoln,32.6093,-92.6481,587,65.4,shape,false,true,America/Chicago,3,71235 71270,1840016968
Boothville,Boothville,Louisiana,22075,Plaquemines,29.333,-89.4053,585,105.1,shape,false,false,America/Chicago,3,70041 70038,1840027025
South Mansfield,South Mansfield,Louisiana,22031,De Soto,32.0181,-93.7237,584,331.9,shape,false,true,America/Chicago,3,71052,1840018121
Cankton,Cankton,Louisiana,22097,St. Landry,30.3455,-92.113,576,109.1,shape,false,true,America/Chicago,3,70584,1840018221
Morganza,Morganza,Louisiana,22077,Pointe Coupee,30.7384,-91.592,569,182.2,shape,false,true,America/Chicago,3,70759 70715,1840018201
Port Vincent,Port Vincent,Louisiana,22063,Livingston,30.3385,-90.8424,560,126.9,shape,false,true,America/Chicago,3,70726,1840018230
Epps,Epps,Louisiana,22123,West Carroll,32.6038,-91.4814,559,223.5,shape,false,true,America/Chicago,3,71237,1840018077
Lafitte,Lafitte,Louisiana,22051,Jefferson,29.6957,-90.0995,558,44.5,shape,false,false,America/Chicago,3,70067,1840013992
Junction City,Junction City,Louisiana,22111,Union,33.0073,-92.7224,556,174.6,shape,false,true,America/Chicago,3,71749 71256,1840018068
Convent,Convent,Louisiana,22093,St. James,30.0132,-90.8232,552,54.8,shape,false,false,America/Chicago,3,70723,1840025126
Sun,Sun,Louisiana,22103,St. Tammany,30.6489,-89.907,538,48.7,shape,false,true,America/Chicago,3,70463 70427,1840018224
Sorrel,Sorrel,Louisiana,22101,St. Mary,29.8879,-91.6225,537,98.0,shape,false,false,America/Chicago,3,70544,1840026035
Pollock,Pollock,Louisiana,22043,Grant,31.4985,-92.4432,519,25.6,shape,false,true,America/Chicago,3,71407 71467,1840017070
Union,Union,Louisiana,22093,St. James,30.0918,-90.8844,511,20.7,shape,false,false,America/Chicago,3,70723,1840025131
Richmond,Richmond,Louisiana,22065,Madison,32.3884,-91.1804,509,118.4,shape,false,true,America/Chicago,3,71282,1840018103
North Hodge,North Hodge,Louisiana,22049,Jackson,32.2845,-92.7171,506,288.1,shape,false,true,America/Chicago,3,71268 71247,1840018114
Pioneer,Pioneer,Louisiana,22123,West Carroll,32.7381,-91.4381,489,173.9,shape,false,true,America/Chicago,3,71266,1840018080
Elizabeth,Elizabeth,Louisiana,22003,Allen,30.867,-92.7987,488,114.4,shape,false,true,America/Chicago,3,70638,1840017167
Fort Jesup,Fort Jesup,Louisiana,22085,Sabine,31.6118,-93.4077,483,43.7,shape,false,false,America/Chicago,3,71449 71469,1840025941
Hayes,Hayes,Louisiana,22019,Calcasieu,30.1112,-92.9236,477,66.2,shape,false,false,America/Chicago,3,70646,1840026021
Spokane,Spokane,Louisiana,22029,Concordia,31.713,-91.4453,471,77.3,shape,false,false,America/Chicago,3,71334,1840025949
Branch,Branch,Louisiana,22001,Acadia,30.348,-92.2771,470,24.7,shape,false,false,America/Chicago,3,70516,1840026025
Springfield,Springfield,Louisiana,22063,Livingston,30.4255,-90.5444,464,127.5,shape,false,true,America/Chicago,3,70462,1840018226
Converse,Converse,Louisiana,22085,Sabine,31.7795,-93.7001,445,78.8,shape,false,true,America/Chicago,3,71419,1840018157
Lewisburg,Lewisburg,Louisiana,22103,St. Tammany,30.3659,-90.1052,442,339.5,shape,false,false,America/Chicago,3,70448,1840031127
Clarence,Clarence,Louisiana,22069,Natchitoches,31.8198,-93.0292,429,105.4,shape,false,true,America/Chicago,3,71457 71414,1840018139
Sicily Island,Sicily Island,Louisiana,22025,Catahoula,31.8493,-91.6599,429,288.4,shape,false,true,America/Chicago,3,71368,1840018154
Dry Prong,Dry Prong,Louisiana,22043,Grant,31.5806,-92.5305,428,119.2,shape,false,true,America/Chicago,3,71423,1840018165
Reddell,Reddell,Louisiana,22039,Evangeline,30.6688,-92.4268,423,42.9,shape,false,false,America/Chicago,3,70580 70554,1840025992
Kilbourne,Kilbourne,Louisiana,22123,West Carroll,32.9971,-91.3139,391,108.9,shape,false,true,America/Chicago,3,71263 71253,1840018079
Montpelier,Montpelier,Louisiana,22091,St. Helena,30.6823,-90.6545,390,80.6,shape,false,true,America/Chicago,3,70422,1840018211
Dubberly,Dubberly,Louisiana,22119,Webster,32.5413,-93.2374,390,38.2,shape,false,true,America/Chicago,3,71024,1840018064
Grosse Tete,Grosse Tete,Louisiana,22047,Iberville,30.4148,-91.4395,389,102.4,shape,false,true,America/Chicago,3,70740,1840018237
Simpson,Simpson,Louisiana,22115,Vernon,31.264,-93.0193,389,18.5,shape,false,true,America/Chicago,3,71474,1840018186
Napoleonville,Napoleonville,Louisiana,22007,Assumption,29.9384,-91.0263,382,949.6,shape,false,true,America/Chicago,3,70390,1840018259
Pitkin,Pitkin,Louisiana,22115,Vernon,30.9344,-92.9267,381,23.6,shape,false,false,America/Chicago,3,70656,1840025974
Turkey Creek,Turkey Creek,Louisiana,22039,Evangeline,30.8732,-92.417,374,58.3,shape,false,true,America/Chicago,3,70586 70585,1840018206
Siracusaville,Siracusaville,Louisiana,22101,St. Mary,29.6886,-91.1522,369,178.4,shape,false,false,America/Chicago,3,70380,1840027024
Singer,Singer,Louisiana,22011,Beauregard,30.6512,-93.4117,354,19.7,shape,false,false,America/Chicago,3,70660,1840025999
Noble,Noble,Louisiana,22085,Sabine,31.6899,-93.6832,353,131.9,shape,false,true,America/Chicago,3,71462,1840018160
Goldonna,Goldonna,Louisiana,22069,Natchitoches,32.0155,-92.9203,352,10.4,shape,false,true,America/Chicago,3,71031,1840018140
Bayou Goula,Bayou Goula,Louisiana,22047,Iberville,30.2105,-91.1765,342,54.0,shape,false,false,America/Chicago,3,70788 70764,1840026016
Good Pine,Good Pine,Louisiana,22059,LaSalle,31.6933,-92.1637,342,171.6,shape,false,false,America/Chicago,3,71342,1840063726
Columbia,Columbia,Louisiana,22021,Caldwell,32.1026,-92.077,341,172.3,shape,false,true,America/Chicago,3,71418,1840017022
Quitman,Quitman,Louisiana,22049,Jackson,32.3507,-92.7236,340,140.6,shape,false,true,America/Chicago,3,71268,1840018115
Edgefield,Edgefield,Louisiana,22081,Red River,32.0501,-93.336,334,105.6,shape,false,true,America/Chicago,3,71019,1840018127
East Hodge,East Hodge,Louisiana,22049,Jackson,32.2776,-92.714,333,367.7,shape,false,true,America/Chicago,3,71247,1840018112
Pointe a la Hache,Pointe a la Hache,Louisiana,22075,Plaquemines,29.5738,-89.7809,331,72.5,shape,false,false,America/Chicago,3,70082,1840031146
St. Maurice,St. Maurice,Louisiana,22127,Winn,31.7613,-92.9389,330,19.1,shape,false,false,America/Chicago,3,71457 71454 71471,1840025927
Varnado,Varnado,Louisiana,22117,Washington,30.895,-89.8318,328,149.2,shape,false,true,America/Chicago,3,70426 70467,1840018203
Angie,Angie,Louisiana,22117,Washington,30.9633,-89.8177,324,81.7,shape,false,true,America/Chicago,3,70426,1840018202
Longville,Longville,Louisiana,22011,Beauregard,30.609,-93.2282,319,21.6,shape,false,false,America/Chicago,3,70652,1840025997
Clayton,Clayton,Louisiana,22029,Concordia,31.7226,-91.5373,317,77.4,shape,false,true,America/Chicago,3,71326,1840017074
Bordelonville,Bordelonville,Louisiana,22009,Avoyelles,31.1012,-91.9005,315,28.0,shape,false,false,America/Chicago,3,71355,1840025975
Gilbert,Gilbert,Louisiana,22041,Franklin,32.0507,-91.6567,314,115.6,shape,false,true,America/Chicago,3,71336,1840018118
Dodson,Dodson,Louisiana,22127,Winn,32.0808,-92.6587,312,53.5,shape,false,true,America/Chicago,3,71422,1840018136
Roanoke,Roanoke,Louisiana,22053,Jefferson Davis,30.2356,-92.7481,311,280.9,shape,false,false,America/Chicago,3,70581,1840026024
Hosston,Hosston,Louisiana,22017,Caddo,32.885,-93.8814,308,44.6,shape,false,true,America/Chicago,3,71043,1840018057
Natchez,Natchez,Louisiana,22069,Natchitoches,31.6743,-93.0456,304,113.7,shape,false,true,America/Chicago,3,71457 71456,1840018141
Castor,Castor,Louisiana,22013,Bienville,32.2549,-93.166,292,94.7,shape,false,true,America/Chicago,3,71016,1840018097
Echo,Echo,Louisiana,22079,Rapides,31.1085,-92.2406,292,64.7,shape,false,false,America/Chicago,3,71302 71330 71351,1840030831
Belcher,Belcher,Louisiana,22017,Caddo,32.7522,-93.8372,292,71.6,shape,false,true,America/Chicago,3,71004,1840018055
Chataignier,Chataignier,Louisiana,22039,Evangeline,30.5696,-92.3168,290,178.2,shape,false,true,America/Chicago,3,70524 70586,1840018204
Tullos,Tullos,Louisiana,22059,LaSalle,31.8188,-92.3293,288,70.2,shape,false,true,America/Chicago,3,71479,1840017058
Rock Hill,Rock Hill,Louisiana,22043,Grant,31.4427,-92.5695,288,28.9,shape,false,false,America/Chicago,3,71417,1840025946
Evergreen,Evergreen,Louisiana,22009,Avoyelles,30.9527,-92.1052,285,107.7,shape,false,true,America/Chicago,3,71333,1840017121
Athens,Athens,Louisiana,22027,Claiborne,32.658,-93.0277,282,31.1,shape,false,true,America/Chicago,3,71003,1840018067
Eros,Eros,Louisiana,22049,Jackson,32.3926,-92.4239,279,108.2,shape,false,true,America/Chicago,3,71238,1840017003
Harrisonburg,Harrisonburg,Louisiana,22025,Catahoula,31.7681,-91.825,278,110.8,shape,false,true,America/Chicago,3,71343 71340,1840018153
Pleasure Bend,Pleasure Bend,Louisiana,22095,St. John the Baptist,29.9205,-90.646,271,24.9,shape,false,true,America/Chicago,4,70090,1840039435
Sikes,Sikes,Louisiana,22127,Winn,32.079,-92.4863,268,66.2,shape,false,true,America/Chicago,3,71473,1840018137
Rio,Rio,Louisiana,22117,Washington,30.6914,-89.8896,267,91.0,shape,false,false,America/Chicago,3,70427,1840063972
Lisbon,Lisbon,Louisiana,22027,Claiborne,32.7893,-92.8672,266,7.8,shape,false,true,America/Chicago,3,71040 71048,1840018069
Dixie Inn,Dixie Inn,Louisiana,22119,Webster,32.5968,-93.3317,265,210.9,shape,false,true,America/Chicago,3,71055,1840018062
Killona,Killona,Louisiana,22089,St. Charles,29.9985,-90.4851,262,126.9,shape,false,false,America/Chicago,3,70057,1840013979
Provencal,Provencal,Louisiana,22069,Natchitoches,31.6547,-93.1999,257,40.4,shape,false,true,America/Chicago,3,71468 71469,1840018143
Creola,Creola,Louisiana,22043,Grant,31.43,-92.4829,257,241.8,shape,false,true,America/Chicago,3,71423,1840018164
Forest,Forest,Louisiana,22123,West Carroll,32.7925,-91.4126,256,59.1,shape,false,true,America/Chicago,3,71263 71242,1840018078
Starks,Starks,Louisiana,22019,Calcasieu,30.3105,-93.6667,256,28.8,shape,false,false,America/Chicago,3,70661,1840026022
Heflin,Heflin,Louisiana,22119,Webster,32.4565,-93.2683,250,50.5,shape,false,true,America/Chicago,3,71039,1840018065
Hall Summit,Hall Summit,Louisiana,22081,Red River,32.1768,-93.3055,250,57.7,shape,false,true,America/Chicago,3,71034,1840018128
Saline,Saline,Louisiana,22013,Bienville,32.1631,-92.9768,243,78.8,shape,false,true,America/Chicago,3,71070,1840018100
Monterey,Monterey,Louisiana,22029,Concordia,31.4436,-91.7191,238,32.4,shape,false,false,America/Chicago,3,71354,1840025948
Collinston,Collinston,Louisiana,22067,Morehouse,32.6893,-91.8718,227,77.8,shape,false,true,America/Chicago,3,71229 71220,1840018074
Triumph,Triumph,Louisiana,22075,Plaquemines,29.3443,-89.4683,220,30.5,shape,false,false,America/Chicago,3,70041,1840025138
Prospect,Prospect,Louisiana,22043,Grant,31.4488,-92.4968,220,57.6,shape,false,false,America/Chicago,3,71423,1840030991
Bonita,Bonita,Louisiana,22067,Morehouse,32.9206,-91.6751,218,62.4,shape,false,true,America/Chicago,3,71223,1840018073
Ida,Ida,Louisiana,22017,Caddo,33.0016,-93.8954,217,59.0,shape,false,true,America/Chicago,3,71044,1840018058
Norwood,Norwood,Louisiana,22037,East Feliciana,30.9682,-91.1125,216,20.4,shape,false,true,America/Chicago,3,70761,1840018214
Midland,Midland,Louisiana,22001,Acadia,30.1805,-92.5014,216,305.9,shape,false,false,America/Chicago,3,70559,1840063877
Fenton,Fenton,Louisiana,22053,Jefferson Davis,30.3643,-92.9169,213,169.7,shape,false,true,America/Chicago,3,70591 70640 70648,1840018239
Georgetown,Georgetown,Louisiana,22043,Grant,31.7597,-92.3821,211,62.7,shape,false,true,America/Chicago,3,71432,1840018166
Bryceland,Bryceland,Louisiana,22013,Bienville,32.4485,-92.9924,207,34.3,shape,false,true,America/Chicago,3,71028,1840018096
Glencoe,Glencoe,Louisiana,22101,St. Mary,29.8111,-91.6703,199,116.1,shape,false,false,America/Chicago,3,70538,1840025133
Fisher,Fisher,Louisiana,22085,Sabine,31.4934,-93.4597,199,124.7,shape,false,true,America/Chicago,3,71426 71449,1840018158
Belmont,Belmont,Louisiana,22085,Sabine,31.7182,-93.5082,198,7.6,shape,false,false,America/Chicago,3,71486 71406 71450,1840025940
Calhoun,Calhoun,Louisiana,22073,Ouachita,32.5153,-92.3539,197,32.2,shape,false,false,America/Chicago,3,71225,1840025105
Venice,Venice,Louisiana,22075,Plaquemines,29.2875,-89.3637,194,74.7,shape,false,false,America/Chicago,3,70091 70041,1840025139
Lillie,Lillie,Louisiana,22111,Union,32.9221,-92.6614,194,38.8,shape,false,true,America/Chicago,3,71256,1840018071
Cameron,Cameron,Louisiana,22023,Cameron,29.787,-93.2925,191,6.5,shape,false,false,America/Chicago,3,70631,1840014014
Keachi,Keachi,Louisiana,22031,De Soto,32.1708,-93.916,190,14.6,shape,false,true,America/Chicago,4,71046,1840073882
Joyce,Joyce,Louisiana,22127,Winn,31.9347,-92.585,184,24.3,shape,false,false,America/Chicago,3,71483 71440,1840025926
Plaucheville,Plaucheville,Louisiana,22009,Avoyelles,30.9647,-91.9837,182,46.4,shape,false,true,America/Chicago,3,71362,1840018191
Jordan Hill,Jordan Hill,Louisiana,22127,Winn,31.8591,-92.5156,180,10.4,shape,false,false,America/Chicago,3,71483,1840025925
McNary,McNary,Louisiana,22079,Rapides,30.9895,-92.5795,177,37.1,shape,false,true,America/Chicago,3,71433,1840018180
Palmetto,Palmetto,Louisiana,22097,St. Landry,30.7177,-91.9082,177,77.1,shape,false,true,America/Chicago,3,71358,1840018222
Calvin,Calvin,Louisiana,22127,Winn,31.9617,-92.7758,174,29.3,shape,false,true,America/Chicago,3,71483 71410,1840018135
Baskin,Baskin,Louisiana,22041,Franklin,32.2591,-91.7473,170,49.2,shape,false,true,America/Chicago,3,71219,1840018117
Delta,Delta,Louisiana,22065,Madison,32.322,-90.9414,169,14.7,shape,false,true,America/Chicago,3,71233 71282,1840018101
Trout,Trout,Louisiana,22059,LaSalle,31.6967,-92.1797,168,130.6,shape,false,false,America/Chicago,3,71371,1840064041
Spearsville,Spearsville,Louisiana,22111,Union,32.932,-92.6001,167,27.3,shape,false,true,America/Chicago,3,71277,1840018072
Mount Lebanon,Mount Lebanon,Louisiana,22013,Bienville,32.5053,-93.0499,167,16.0,shape,false,true,America/Chicago,3,71028,1840016984
Bienville,Bienville,Louisiana,22013,Bienville,32.3618,-92.9788,167,5.8,shape,false,true,America/Chicago,3,71008,1840018095
Atlanta,Atlanta,Louisiana,22127,Winn,31.8064,-92.7383,159,56.7,shape,false,true,America/Chicago,3,71404,1840018134
Lacassine,Lacassine,Louisiana,22053,Jefferson Davis,30.2331,-92.9208,157,34.6,shape,false,false,America/Chicago,3,70650,1840026023
Rodessa,Rodessa,Louisiana,22017,Caddo,32.9735,-93.9966,157,50.3,shape,false,true,America/Chicago,3,71069,1840018059
Reeves,Reeves,Louisiana,22003,Allen,30.5215,-93.0428,155,24.8,shape,false,true,America/Chicago,3,70658,1840018220
Morrow,Morrow,Louisiana,22097,St. Landry,30.8294,-92.0828,155,56.2,shape,false,false,America/Chicago,3,71322 71356,1840031131
Lucky,Lucky,Louisiana,22013,Bienville,32.2443,-93.0158,155,7.3,shape,false,true,America/Chicago,3,71008 71016,1840018099
Ashland,Ashland,Louisiana,22069,Natchitoches,32.1165,-93.1172,155,2.2,shape,false,true,America/Chicago,3,71002,1840018138
Darrow,Darrow,Louisiana,22005,Ascension,30.1212,-90.9843,137,394.0,shape,false,false,America/Chicago,3,70725,1840063655
Gilliam,Gilliam,Louisiana,22017,Caddo,32.8282,-93.8418,136,22.2,shape,false,true,America/Chicago,3,71029,1840018056
Moonshine,Moonshine,Louisiana,22093,St. James,29.9701,-90.8132,126,137.8,shape,false,true,America/Chicago,4,70086,1840039418
Robeline,Robeline,Louisiana,22069,Natchitoches,31.6898,-93.3039,123,39.9,shape,false,true,America/Chicago,3,71469,1840018144
Dorseyville,Dorseyville,Louisiana,22047,Iberville,30.1773,-91.1614,120,269.5,shape,false,false,America/Chicago,3,70788,1840153109
Grand Cane,Grand Cane,Louisiana,22031,De Soto,32.0836,-93.8088,118,40.2,shape,false,true,America/Chicago,3,71032,1840018119
Downsville,Downsville,Louisiana,22111,Union,32.6264,-92.4129,116,60.2,shape,false,true,America/Chicago,3,71234,1840018070
Delacroix,Delacroix,Louisiana,22087,St. Bernard,29.7652,-89.7874,116,22.8,shape,false,false,America/Chicago,3,70085,1840148576
Jamestown,Jamestown,Louisiana,22013,Bienville,32.3397,-93.2065,115,25.4,shape,false,true,America/Chicago,3,71045,1840018098
Shongaloo,Shongaloo,Louisiana,22119,Webster,32.9416,-93.2955,114,5.6,shape,false,true,America/Chicago,3,71072,1840018066
Longstreet,Longstreet,Louisiana,22031,De Soto,32.0976,-93.9505,111,20.9,shape,false,true,America/Chicago,3,71046 71049 71050,1840018120
Stanley,Stanley,Louisiana,22031,De Soto,31.9608,-93.8995,110,19.6,shape,false,true,America/Chicago,3,71032 71052 71049,1840018122
Oak Ridge,Oak Ridge,Louisiana,22067,Morehouse,32.6244,-91.7731,89,34.6,shape,false,true,America/Chicago,3,71264,1840018076
Taft,Taft,Louisiana,22089,St. Charles,29.9854,-90.4533,87,6.7,shape,false,false,America/Chicago,3,70057,1840013978
Gloster,Gloster,Louisiana,22031,De Soto,32.1921,-93.8112,66,20.2,shape,false,false,America/Chicago,3,71030,1840025917
Powhatan,Powhatan,Louisiana,22069,Natchitoches,31.8738,-93.2032,44,31.6,shape,false,true,America/Chicago,3,71457 71066,1840018142
Marthaville,Marthaville,Louisiana,22069,Natchitoches,31.738,-93.39,32,11.0,shape,false,false,America/Chicago,3,71450 71469,1840030950
Romeville,Romeville,Louisiana,22093,St. James,30.0676,-90.8341,27,3.2,shape,false,false,America/Chicago,3,70723,1840025129
Bayou Corne,Bayou Corne,Louisiana,22007,Assumption,30.0158,-91.1528,21,95.6,shape,false,false,America/Chicago,3,70341,1840030903
Mound,Mound,Louisiana,22065,Madison,32.333,-91.0241,19,14.1,shape,false,true,America/Chicago,3,71282,1840018102
Frierson,Frierson,Louisiana,22031,De Soto,32.2486,-93.6895,14,9.8,shape,false,false,America/Chicago,3,71027,1840025916
Sugartown,Sugartown,Louisiana,22011,Beauregard,30.8401,-93.0124,0,17.8,shape,false,false,America/Chicago,3,70634 70662,1840026000
